-- =====================================================================
-- Safir PAY2 anonymized E2E seed
-- Generated from Data.txt. Do not use against production.
-- Source row counts: {"PAY2_ATTENDANCE": 32, "PAY2_CONFIG": 38, "PAY2_DECREE": 18, "PAY2_DECREE_LINE": 124, "PAY2_EMPLOYEE": 16, "PAY2_ITEM_DEF": 21, "PAY2_ITEM_TEMPLATE": 2, "PAY2_JOB": 10, "PAY2_PERIOD": 3, "PAY2_RUN": 36, "PAY2_RUN_DETAIL": 552, "PAY2_RUN_LINE": 79, "PAY2_TAX_BRACKET": 9, "PAY2_WORKSHOP": 1}
-- =====================================================================

SET NOCOUNT ON;
SET XACT_ABORT ON;

IF DB_NAME() NOT LIKE N'SafirTest%'
    THROW 51000, 'Safety stop: PAY2 seed may run only in a SafirTest* database.', 1;
GO

-- All transactional target tables must be empty because this seed is
-- intended for a freshly recreated Jules database.
IF EXISTS (SELECT 1 FROM [dbo].[PAY2_EMPLOYEE])
   OR EXISTS (SELECT 1 FROM [dbo].[PAY2_PERIOD])
   OR EXISTS (SELECT 1 FROM [dbo].[PAY2_DECREE])
   OR EXISTS (SELECT 1 FROM [dbo].[PAY2_RUN])
   OR EXISTS (SELECT 1 FROM [dbo].[PAY2_ATTENDANCE])
    THROW 51001, 'Safety stop: transactional PAY2 tables are not empty.', 1;
GO

BEGIN TRANSACTION;

-- schema.sql already inserts default rows in these three tables.
DELETE FROM [dbo].[PAY2_CONFIG];
DELETE FROM [dbo].[PAY2_TAX_BRACKET];
DELETE FROM [dbo].[PAY2_ITEM_DEF];
GO

-- PAY2_WORKSHOP: 1 row(s)
SET IDENTITY_INSERT [dbo].[PAY2_WORKSHOP] ON;
INSERT INTO [dbo].[PAY2_WORKSHOP] ([WS_ID], [WS_CODE], [WS_NAME], [INS_MODE], [IS_ACTIVE])
VALUES (1, N'TEST-1', N'کارگاه آزمایشی 1', 1, 1);
SET IDENTITY_INSERT [dbo].[PAY2_WORKSHOP] OFF;
GO

-- PAY2_JOB: 10 row(s)
SET IDENTITY_INSERT [dbo].[PAY2_JOB] ON;
INSERT INTO [dbo].[PAY2_JOB] ([JOB_ID], [JOB_CODE], [JOB_NAME], [IS_ACTIVE])
VALUES (1, N'TEST-1', N'شغل آزمایشی 01', 1);
INSERT INTO [dbo].[PAY2_JOB] ([JOB_ID], [JOB_CODE], [JOB_NAME], [IS_ACTIVE])
VALUES (92963, N'TEST-92963', N'شغل آزمایشی 02', 1);
INSERT INTO [dbo].[PAY2_JOB] ([JOB_ID], [JOB_CODE], [JOB_NAME], [IS_ACTIVE])
VALUES (93988, N'TEST-93988', N'شغل آزمایشی 03', 1);
INSERT INTO [dbo].[PAY2_JOB] ([JOB_ID], [JOB_CODE], [JOB_NAME], [IS_ACTIVE])
VALUES (96001, N'TEST-96001', N'شغل آزمایشی 04', 1);
INSERT INTO [dbo].[PAY2_JOB] ([JOB_ID], [JOB_CODE], [JOB_NAME], [IS_ACTIVE])
VALUES (98610, N'TEST-98610', N'شغل آزمایشی 05', 1);
INSERT INTO [dbo].[PAY2_JOB] ([JOB_ID], [JOB_CODE], [JOB_NAME], [IS_ACTIVE])
VALUES (117894, N'TEST-117894', N'شغل آزمایشی 06', 1);
INSERT INTO [dbo].[PAY2_JOB] ([JOB_ID], [JOB_CODE], [JOB_NAME], [IS_ACTIVE])
VALUES (126075, N'TEST-126075', N'شغل آزمایشی 07', 1);
INSERT INTO [dbo].[PAY2_JOB] ([JOB_ID], [JOB_CODE], [JOB_NAME], [IS_ACTIVE])
VALUES (141750, N'TEST-141750', N'شغل آزمایشی 08', 1);
INSERT INTO [dbo].[PAY2_JOB] ([JOB_ID], [JOB_CODE], [JOB_NAME], [IS_ACTIVE])
VALUES (141876, N'TEST-141876', N'شغل آزمایشی 09', 1);
INSERT INTO [dbo].[PAY2_JOB] ([JOB_ID], [JOB_CODE], [JOB_NAME], [IS_ACTIVE])
VALUES (168753, N'TEST-168753', N'شغل آزمایشی 10', 1);
SET IDENTITY_INSERT [dbo].[PAY2_JOB] OFF;
GO

-- PAY2_ITEM_DEF: 21 row(s)
SET IDENTITY_INSERT [dbo].[PAY2_ITEM_DEF] ON;
INSERT INTO [dbo].[PAY2_ITEM_DEF] ([ITEM_ID], [ITEM_CODE], [ITEM_NAME], [ITEM_TYPE], [CALC_BASIS], [INS_SUBJECT], [TAX_SUBJECT], [INS_BASE_DAYS], [PAY_BASE_DAYS], [IS_SYSTEM], [SHOW_IN_SLIP], [SORT_ORDER], [IS_ACTIVE], [CREATED_AT])
VALUES (1, N'BASE_SAL_B', N'حقوق روزانه رسمی', 1, 1, 1, 1, 1, 2, 1, 1, 1, 1, CONVERT(datetime, '2026-05-01T03:18:46.403', 126));
INSERT INTO [dbo].[PAY2_ITEM_DEF] ([ITEM_ID], [ITEM_CODE], [ITEM_NAME], [ITEM_TYPE], [CALC_BASIS], [INS_SUBJECT], [TAX_SUBJECT], [INS_BASE_DAYS], [PAY_BASE_DAYS], [IS_SYSTEM], [SHOW_IN_SLIP], [SORT_ORDER], [IS_ACTIVE], [CREATED_AT])
VALUES (2, N'BASE_SAL', N'حقوق روزانه اسمی', 1, 1, 1, 1, 1, 2, 1, 1, 2, 1, CONVERT(datetime, '2026-05-01T03:18:46.403', 126));
INSERT INTO [dbo].[PAY2_ITEM_DEF] ([ITEM_ID], [ITEM_CODE], [ITEM_NAME], [ITEM_TYPE], [CALC_BASIS], [INS_SUBJECT], [TAX_SUBJECT], [INS_BASE_DAYS], [PAY_BASE_DAYS], [IS_SYSTEM], [SHOW_IN_SLIP], [SORT_ORDER], [IS_ACTIVE], [CREATED_AT])
VALUES (3, N'HOME', N'خواربار و مسکن', 1, 1, 1, 1, 1, 2, 1, 1, 3, 1, CONVERT(datetime, '2026-05-01T03:18:46.403', 126));
INSERT INTO [dbo].[PAY2_ITEM_DEF] ([ITEM_ID], [ITEM_CODE], [ITEM_NAME], [ITEM_TYPE], [CALC_BASIS], [INS_SUBJECT], [TAX_SUBJECT], [INS_BASE_DAYS], [PAY_BASE_DAYS], [IS_SYSTEM], [SHOW_IN_SLIP], [SORT_ORDER], [IS_ACTIVE], [CREATED_AT])
VALUES (4, N'CHILDREN', N'حق اولاد', 1, 1, 0, 1, 1, 2, 1, 1, 4, 1, CONVERT(datetime, '2026-05-01T03:18:46.403', 126));
INSERT INTO [dbo].[PAY2_ITEM_DEF] ([ITEM_ID], [ITEM_CODE], [ITEM_NAME], [ITEM_TYPE], [CALC_BASIS], [INS_SUBJECT], [TAX_SUBJECT], [INS_BASE_DAYS], [PAY_BASE_DAYS], [IS_SYSTEM], [SHOW_IN_SLIP], [SORT_ORDER], [IS_ACTIVE], [CREATED_AT])
VALUES (5, N'FAMILY_ALLOW', N'حق تأهل', 1, 2, 1, 1, 1, 2, 1, 1, 5, 1, CONVERT(datetime, '2026-05-01T03:18:46.403', 126));
INSERT INTO [dbo].[PAY2_ITEM_DEF] ([ITEM_ID], [ITEM_CODE], [ITEM_NAME], [ITEM_TYPE], [CALC_BASIS], [INS_SUBJECT], [TAX_SUBJECT], [INS_BASE_DAYS], [PAY_BASE_DAYS], [IS_SYSTEM], [SHOW_IN_SLIP], [SORT_ORDER], [IS_ACTIVE], [CREATED_AT])
VALUES (6, N'ATTRACT', N'حق جذب', 1, 2, 1, 1, 1, 2, 1, 1, 6, 1, CONVERT(datetime, '2026-05-01T03:18:46.403', 126));
INSERT INTO [dbo].[PAY2_ITEM_DEF] ([ITEM_ID], [ITEM_CODE], [ITEM_NAME], [ITEM_TYPE], [CALC_BASIS], [INS_SUBJECT], [TAX_SUBJECT], [INS_BASE_DAYS], [PAY_BASE_DAYS], [IS_SYSTEM], [SHOW_IN_SLIP], [SORT_ORDER], [IS_ACTIVE], [CREATED_AT])
VALUES (7, N'GROCERY', N'بن کارگری', 1, 1, 1, 0, 1, 2, 1, 1, 7, 1, CONVERT(datetime, '2026-05-01T03:18:46.403', 126));
INSERT INTO [dbo].[PAY2_ITEM_DEF] ([ITEM_ID], [ITEM_CODE], [ITEM_NAME], [ITEM_TYPE], [CALC_BASIS], [INS_SUBJECT], [TAX_SUBJECT], [INS_BASE_DAYS], [PAY_BASE_DAYS], [IS_SYSTEM], [SHOW_IN_SLIP], [SORT_ORDER], [IS_ACTIVE], [CREATED_AT])
VALUES (8, N'HARD_COND', N'شرایط محیط کار', 1, 2, 1, 1, 1, 2, 1, 1, 8, 1, CONVERT(datetime, '2026-05-01T03:18:46.403', 126));
INSERT INTO [dbo].[PAY2_ITEM_DEF] ([ITEM_ID], [ITEM_CODE], [ITEM_NAME], [ITEM_TYPE], [CALC_BASIS], [INS_SUBJECT], [TAX_SUBJECT], [INS_BASE_DAYS], [PAY_BASE_DAYS], [IS_SYSTEM], [SHOW_IN_SLIP], [SORT_ORDER], [IS_ACTIVE], [CREATED_AT])
VALUES (9, N'NAHAR', N'حق نهار', 1, 2, 0, 0, 2, 2, 1, 1, 9, 1, CONVERT(datetime, '2026-05-01T03:18:46.403', 126));
INSERT INTO [dbo].[PAY2_ITEM_DEF] ([ITEM_ID], [ITEM_CODE], [ITEM_NAME], [ITEM_TYPE], [CALC_BASIS], [INS_SUBJECT], [TAX_SUBJECT], [INS_BASE_DAYS], [PAY_BASE_DAYS], [IS_SYSTEM], [SHOW_IN_SLIP], [SORT_ORDER], [IS_ACTIVE], [CREATED_AT])
VALUES (10, N'SHIFT', N'حق شیفت/نوبت/شب‌کاری', 1, 1, 0, 1, 1, 2, 1, 1, 10, 1, CONVERT(datetime, '2026-05-01T03:18:46.403', 126));
INSERT INTO [dbo].[PAY2_ITEM_DEF] ([ITEM_ID], [ITEM_CODE], [ITEM_NAME], [ITEM_TYPE], [CALC_BASIS], [INS_SUBJECT], [TAX_SUBJECT], [INS_BASE_DAYS], [PAY_BASE_DAYS], [IS_SYSTEM], [SHOW_IN_SLIP], [SORT_ORDER], [IS_ACTIVE], [CREATED_AT])
VALUES (11, N'OTHER_FIX', N'سایر ثابت', 1, 2, 1, 1, 1, 2, 1, 1, 11, 1, CONVERT(datetime, '2026-05-01T03:18:46.403', 126));
INSERT INTO [dbo].[PAY2_ITEM_DEF] ([ITEM_ID], [ITEM_CODE], [ITEM_NAME], [ITEM_TYPE], [CALC_BASIS], [INS_SUBJECT], [TAX_SUBJECT], [INS_BASE_DAYS], [PAY_BASE_DAYS], [IS_SYSTEM], [SHOW_IN_SLIP], [SORT_ORDER], [IS_ACTIVE], [CREATED_AT])
VALUES (12, N'OT_NORMAL', N'اضافه‌کار عادی', 2, 3, 1, 1, 1, 2, 1, 1, 12, 1, CONVERT(datetime, '2026-05-01T03:18:46.403', 126));
INSERT INTO [dbo].[PAY2_ITEM_DEF] ([ITEM_ID], [ITEM_CODE], [ITEM_NAME], [ITEM_TYPE], [CALC_BASIS], [INS_SUBJECT], [TAX_SUBJECT], [INS_BASE_DAYS], [PAY_BASE_DAYS], [IS_SYSTEM], [SHOW_IN_SLIP], [SORT_ORDER], [IS_ACTIVE], [CREATED_AT])
VALUES (13, N'OT_HOLIDAY', N'اضافه‌کار تعطیل', 2, 1, 1, 1, 1, 2, 1, 1, 13, 1, CONVERT(datetime, '2026-05-01T03:18:46.403', 126));
INSERT INTO [dbo].[PAY2_ITEM_DEF] ([ITEM_ID], [ITEM_CODE], [ITEM_NAME], [ITEM_TYPE], [CALC_BASIS], [INS_SUBJECT], [TAX_SUBJECT], [INS_BASE_DAYS], [PAY_BASE_DAYS], [IS_SYSTEM], [SHOW_IN_SLIP], [SORT_ORDER], [IS_ACTIVE], [CREATED_AT])
VALUES (14, N'OT_ADMIN', N'اضافه‌کار اداری', 2, 1, 1, 1, 1, 2, 1, 1, 14, 1, CONVERT(datetime, '2026-05-01T03:18:46.403', 126));
INSERT INTO [dbo].[PAY2_ITEM_DEF] ([ITEM_ID], [ITEM_CODE], [ITEM_NAME], [ITEM_TYPE], [CALC_BASIS], [INS_SUBJECT], [TAX_SUBJECT], [INS_BASE_DAYS], [PAY_BASE_DAYS], [IS_SYSTEM], [SHOW_IN_SLIP], [SORT_ORDER], [IS_ACTIVE], [CREATED_AT])
VALUES (15, N'PERF_BONUS', N'پاداش/راندمان', 2, 2, 1, 1, 1, 2, 1, 1, 15, 1, CONVERT(datetime, '2026-05-01T03:18:46.403', 126));
INSERT INTO [dbo].[PAY2_ITEM_DEF] ([ITEM_ID], [ITEM_CODE], [ITEM_NAME], [ITEM_TYPE], [CALC_BASIS], [INS_SUBJECT], [TAX_SUBJECT], [INS_BASE_DAYS], [PAY_BASE_DAYS], [IS_SYSTEM], [SHOW_IN_SLIP], [SORT_ORDER], [IS_ACTIVE], [CREATED_AT])
VALUES (16, N'TRANSP', N'حق ناقل/ایاب‌ذهاب', 2, 2, 0, 0, 1, 2, 1, 1, 16, 1, CONVERT(datetime, '2026-05-01T03:18:46.403', 126));
INSERT INTO [dbo].[PAY2_ITEM_DEF] ([ITEM_ID], [ITEM_CODE], [ITEM_NAME], [ITEM_TYPE], [CALC_BASIS], [INS_SUBJECT], [TAX_SUBJECT], [INS_BASE_DAYS], [PAY_BASE_DAYS], [IS_SYSTEM], [SHOW_IN_SLIP], [SORT_ORDER], [IS_ACTIVE], [CREATED_AT])
VALUES (17, N'INS_DED', N'کسر بیمه کارگر', 4, 1, 0, 0, 1, 2, 1, 1, 17, 1, CONVERT(datetime, '2026-05-01T03:18:46.403', 126));
INSERT INTO [dbo].[PAY2_ITEM_DEF] ([ITEM_ID], [ITEM_CODE], [ITEM_NAME], [ITEM_TYPE], [CALC_BASIS], [INS_SUBJECT], [TAX_SUBJECT], [INS_BASE_DAYS], [PAY_BASE_DAYS], [IS_SYSTEM], [SHOW_IN_SLIP], [SORT_ORDER], [IS_ACTIVE], [CREATED_AT])
VALUES (18, N'TAX_DED', N'کسر مالیات', 4, 1, 0, 0, 1, 2, 1, 1, 18, 1, CONVERT(datetime, '2026-05-01T03:18:46.403', 126));
INSERT INTO [dbo].[PAY2_ITEM_DEF] ([ITEM_ID], [ITEM_CODE], [ITEM_NAME], [ITEM_TYPE], [CALC_BASIS], [INS_SUBJECT], [TAX_SUBJECT], [INS_BASE_DAYS], [PAY_BASE_DAYS], [IS_SYSTEM], [SHOW_IN_SLIP], [SORT_ORDER], [IS_ACTIVE], [CREATED_AT])
VALUES (19, N'LOAN_DED', N'قسط وام', 3, 2, 0, 0, 1, 2, 1, 1, 19, 1, CONVERT(datetime, '2026-05-01T03:18:46.403', 126));
INSERT INTO [dbo].[PAY2_ITEM_DEF] ([ITEM_ID], [ITEM_CODE], [ITEM_NAME], [ITEM_TYPE], [CALC_BASIS], [INS_SUBJECT], [TAX_SUBJECT], [INS_BASE_DAYS], [PAY_BASE_DAYS], [IS_SYSTEM], [SHOW_IN_SLIP], [SORT_ORDER], [IS_ACTIVE], [CREATED_AT])
VALUES (20, N'ADVANCE_DED', N'مساعده', 4, 2, 0, 0, 1, 2, 1, 1, 20, 1, CONVERT(datetime, '2026-05-01T03:18:46.403', 126));
INSERT INTO [dbo].[PAY2_ITEM_DEF] ([ITEM_ID], [ITEM_CODE], [ITEM_NAME], [ITEM_TYPE], [CALC_BASIS], [INS_SUBJECT], [TAX_SUBJECT], [INS_BASE_DAYS], [PAY_BASE_DAYS], [IS_SYSTEM], [SHOW_IN_SLIP], [SORT_ORDER], [IS_ACTIVE], [CREATED_AT])
VALUES (21, N'OTHER_DED', N'سایر کسورات', 3, 2, 0, 0, 1, 2, 1, 1, 21, 1, CONVERT(datetime, '2026-05-01T03:18:46.403', 126));
SET IDENTITY_INSERT [dbo].[PAY2_ITEM_DEF] OFF;
GO

-- PAY2_ITEM_TEMPLATE: 2 row(s)
SET IDENTITY_INSERT [dbo].[PAY2_ITEM_TEMPLATE] ON;
INSERT INTO [dbo].[PAY2_ITEM_TEMPLATE] ([TMPL_ID], [TMPL_CODE], [TMPL_NAME], [WS_ID], [IS_ACTIVE])
VALUES (1, N'TEST-TMPL-1', N'قالب حکم آزمایشی 1', 1, 1);
INSERT INTO [dbo].[PAY2_ITEM_TEMPLATE] ([TMPL_ID], [TMPL_CODE], [TMPL_NAME], [WS_ID], [IS_ACTIVE])
VALUES (2, N'TEST-TMPL-2', N'قالب حکم آزمایشی 2', 1, 1);
SET IDENTITY_INSERT [dbo].[PAY2_ITEM_TEMPLATE] OFF;
GO

-- PAY2_CONFIG: 38 row(s)
INSERT INTO [dbo].[PAY2_CONFIG] ([CFG_KEY], [CFG_VALUE], [CFG_OPTIONS], [CFG_DEFAULT], [CFG_SECTION], [LABEL_FA], [DESC_FA], [OPT_LABELS], [DATA_TYPE], [ACCESS_LEVEL], [CHANGED_AT], [CHANGED_BY], [CHANGE_NOTE])
VALUES (N'ADV_ENABLED', N'1', N'1|0', N'1', N'مساعده', N'آیا مساعده هوشمند فعال باشد؟', N'1=مانده حساب معین پرسنل از DEED_DTL محاسبه می‌شود | 0=بدون کسر مساعده', N'فعال (هوشمند)|غیرفعال', N'BOOL', 2, CONVERT(datetime, '2026-06-28T21:16:40.107', 126), 52, N'بروزرسانی از صفحه تنظیمات سیستم');
INSERT INTO [dbo].[PAY2_CONFIG] ([CFG_KEY], [CFG_VALUE], [CFG_OPTIONS], [CFG_DEFAULT], [CFG_SECTION], [LABEL_FA], [DESC_FA], [OPT_LABELS], [DATA_TYPE], [ACCESS_LEVEL], [CHANGED_AT], [CHANGED_BY], [CHANGE_NOTE])
VALUES (N'ADV_MIN_POSITIVE', N'1', N'1|0', N'1', N'مساعده', N'مساعده فقط اگر مانده بدهکار (مثبت) باشد کسر شود', N'1=بله — اگر حساب بستانکار بود مساعده صفر در نظر گرفته می‌شود | 0=همیشه کسر', N'فقط بدهکار|همیشه', N'BOOL', 2, CONVERT(datetime, '2026-06-28T21:16:40.110', 126), 52, N'بروزرسانی از صفحه تنظیمات سیستم');
INSERT INTO [dbo].[PAY2_CONFIG] ([CFG_KEY], [CFG_VALUE], [CFG_OPTIONS], [CFG_DEFAULT], [CFG_SECTION], [LABEL_FA], [DESC_FA], [OPT_LABELS], [DATA_TYPE], [ACCESS_LEVEL], [CHANGED_AT], [CHANGED_BY], [CHANGE_NOTE])
VALUES (N'ADV_SCOPE', N'CURRENT_MONTH', N'CURRENT_MONTH|OPEN_BALANCE', N'CURRENT_MONTH', N'مساعده', N'محدوده محاسبه مساعده', N'CURRENT_MONTH=فقط اسناد همان ماه | OPEN_BALANCE=کل مانده باز تا سند حقوق', N'فقط ماه جاری|کل مانده باز', N'TEXT', 2, CONVERT(datetime, '2026-06-28T21:16:40.110', 126), 52, N'بروزرسانی از صفحه تنظیمات سیستم');
INSERT INTO [dbo].[PAY2_CONFIG] ([CFG_KEY], [CFG_VALUE], [CFG_OPTIONS], [CFG_DEFAULT], [CFG_SECTION], [LABEL_FA], [DESC_FA], [OPT_LABELS], [DATA_TYPE], [ACCESS_LEVEL], [CHANGED_AT], [CHANGED_BY], [CHANGE_NOTE])
VALUES (N'ADV_USE_HES_T_FILTER', N'1', N'1|0', N'1', N'مساعده', N'آیا فیلتر HES_T (تفصیلی=کد پرسنل) اعمال شود؟', N'1=هر پرسنل فقط مانده حساب خودش (معمول) | 0=جمع کل معین بدون تفکیک تفصیلی', N'per پرسنل|کل معین', N'BOOL', 2, CONVERT(datetime, '2026-06-28T21:16:40.110', 126), 52, N'بروزرسانی از صفحه تنظیمات سیستم');
INSERT INTO [dbo].[PAY2_CONFIG] ([CFG_KEY], [CFG_VALUE], [CFG_OPTIONS], [CFG_DEFAULT], [CFG_SECTION], [LABEL_FA], [DESC_FA], [OPT_LABELS], [DATA_TYPE], [ACCESS_LEVEL], [CHANGED_AT], [CHANGED_BY], [CHANGE_NOTE])
VALUES (N'BONUS_CUSTOM_DAYS', N'60', NULL, N'60', N'تسویه', N'روز عیدی در حالت سفارشی', NULL, NULL, N'INT', 2, CONVERT(datetime, '2026-06-28T21:16:40.113', 126), 52, N'بروزرسانی از صفحه تنظیمات سیستم');
INSERT INTO [dbo].[PAY2_CONFIG] ([CFG_KEY], [CFG_VALUE], [CFG_OPTIONS], [CFG_DEFAULT], [CFG_SECTION], [LABEL_FA], [DESC_FA], [OPT_LABELS], [DATA_TYPE], [ACCESS_LEVEL], [CHANGED_AT], [CHANGED_BY], [CHANGE_NOTE])
VALUES (N'BONUS_MODE', N'MIN_WAGE', N'MIN_WAGE|ACTUAL|CUSTOM', N'MIN_WAGE', N'تسویه', N'مبنای محاسبه عیدی', N'MIN_WAGE=حداقل مزد ۶۰-۹۰ روز | ACTUAL=حقوق واقعی | CUSTOM=روز سفارشی', N'حداقل مزد|حقوق واقعی|سفارشی', N'TEXT', 2, CONVERT(datetime, '2026-06-28T21:16:40.117', 126), 52, N'بروزرسانی از صفحه تنظیمات سیستم');
INSERT INTO [dbo].[PAY2_CONFIG] ([CFG_KEY], [CFG_VALUE], [CFG_OPTIONS], [CFG_DEFAULT], [CFG_SECTION], [LABEL_FA], [DESC_FA], [OPT_LABELS], [DATA_TYPE], [ACCESS_LEVEL], [CHANGED_AT], [CHANGED_BY], [CHANGE_NOTE])
VALUES (N'CONFIG_MIN_ROLE', N'SUPER', N'SUPER|ADMIN', N'SUPER', N'امنیت', N'حداقل نقش برای تغییر PAY2_CONFIG', NULL, N'فقط مدیر ارشد|ادمین', N'TEXT', 1, CONVERT(datetime, '2026-06-28T21:16:40.120', 126), 52, N'بروزرسانی از صفحه تنظیمات سیستم');
INSERT INTO [dbo].[PAY2_CONFIG] ([CFG_KEY], [CFG_VALUE], [CFG_OPTIONS], [CFG_DEFAULT], [CFG_SECTION], [LABEL_FA], [DESC_FA], [OPT_LABELS], [DATA_TYPE], [ACCESS_LEVEL], [CHANGED_AT], [CHANGED_BY], [CHANGE_NOTE])
VALUES (N'EIDI_MAX_DAYS', N'90', NULL, N'90', N'تسویه', N'حداکثر روز برای محاسبه عیدی (قانون: ۹۰ روز)', NULL, NULL, N'INT', 1, CONVERT(datetime, '2026-06-28T21:16:40.117', 126), 52, N'بروزرسانی از صفحه تنظیمات سیستم');
INSERT INTO [dbo].[PAY2_CONFIG] ([CFG_KEY], [CFG_VALUE], [CFG_OPTIONS], [CFG_DEFAULT], [CFG_SECTION], [LABEL_FA], [DESC_FA], [OPT_LABELS], [DATA_TYPE], [ACCESS_LEVEL], [CHANGED_AT], [CHANGED_BY], [CHANGE_NOTE])
VALUES (N'EIDI_MIN_DAYS', N'60', NULL, N'60', N'تسویه', N'حداقل روز برای محاسبه عیدی (قانون: ۶۰ روز)', NULL, NULL, N'INT', 1, CONVERT(datetime, '2026-06-28T21:16:40.117', 126), 52, N'بروزرسانی از صفحه تنظیمات سیستم');
INSERT INTO [dbo].[PAY2_CONFIG] ([CFG_KEY], [CFG_VALUE], [CFG_OPTIONS], [CFG_DEFAULT], [CFG_SECTION], [LABEL_FA], [DESC_FA], [OPT_LABELS], [DATA_TYPE], [ACCESS_LEVEL], [CHANGED_AT], [CHANGED_BY], [CHANGE_NOTE])
VALUES (N'INS_CEILING_APPLY', N'0', N'1|0', N'1', N'بیمه', N'اعمال سقف دستمزد مشمول بیمه', N'1=اعمال (قانونی) | 0=بدون سقف', N'اعمال سقف|بدون سقف', N'BOOL', 1, CONVERT(datetime, '2026-06-28T21:16:40.097', 126), 52, N'بروزرسانی از صفحه تنظیمات سیستم');
INSERT INTO [dbo].[PAY2_CONFIG] ([CFG_KEY], [CFG_VALUE], [CFG_OPTIONS], [CFG_DEFAULT], [CFG_SECTION], [LABEL_FA], [DESC_FA], [OPT_LABELS], [DATA_TYPE], [ACCESS_LEVEL], [CHANGED_AT], [CHANGED_BY], [CHANGE_NOTE])
VALUES (N'INS_CEILING_MONTHLY', N'0', NULL, N'126000000', N'بیمه', N'سقف ماهیانه دستمزد مشمول بیمه (ریال)', N'هر سال با ابلاغ تأمین اجتماعی به‌روز شود', NULL, N'INT', 1, CONVERT(datetime, '2026-06-28T21:16:40.097', 126), 52, N'بروزرسانی از صفحه تنظیمات سیستم');
INSERT INTO [dbo].[PAY2_CONFIG] ([CFG_KEY], [CFG_VALUE], [CFG_OPTIONS], [CFG_DEFAULT], [CFG_SECTION], [LABEL_FA], [DESC_FA], [OPT_LABELS], [DATA_TYPE], [ACCESS_LEVEL], [CHANGED_AT], [CHANGED_BY], [CHANGE_NOTE])
VALUES (N'INS_EMPLOYER_RATE', N'20.00', NULL, N'20.00', N'بیمه', N'نرخ بیمه کارفرما — بدون بیمه بیکاری (درصد)', NULL, NULL, N'DECIMAL', 1, CONVERT(datetime, '2026-06-28T21:16:40.100', 126), 52, N'بروزرسانی از صفحه تنظیمات سیستم');
INSERT INTO [dbo].[PAY2_CONFIG] ([CFG_KEY], [CFG_VALUE], [CFG_OPTIONS], [CFG_DEFAULT], [CFG_SECTION], [LABEL_FA], [DESC_FA], [OPT_LABELS], [DATA_TYPE], [ACCESS_LEVEL], [CHANGED_AT], [CHANGED_BY], [CHANGE_NOTE])
VALUES (N'INS_EXEMPT_COUNT', N'5', NULL, N'5', N'بیمه', N'تعداد کارگران معاف در تبصره ماده ۷', N'کارگاه‌هایی با ≤ این تعداد نفر از ۲۰٪ کارفرما معاف‌اند', NULL, N'INT', 1, CONVERT(datetime, '2026-06-28T21:16:40.100', 126), 52, N'بروزرسانی از صفحه تنظیمات سیستم');
INSERT INTO [dbo].[PAY2_CONFIG] ([CFG_KEY], [CFG_VALUE], [CFG_OPTIONS], [CFG_DEFAULT], [CFG_SECTION], [LABEL_FA], [DESC_FA], [OPT_LABELS], [DATA_TYPE], [ACCESS_LEVEL], [CHANGED_AT], [CHANGED_BY], [CHANGE_NOTE])
VALUES (N'INS_JANBAZ_RATE', N'0.18', NULL, N'0.18', N'بیمه', N'نرخ بیمه کارفرما برای جانبازان', N'جانباز: ۱۸٪ (بدون ۳٪ بیکاری و بدون ۷٪ کارگر)', NULL, N'DECIMAL', 1, CONVERT(datetime, '2026-06-28T21:16:40.100', 126), 52, N'بروزرسانی از صفحه تنظیمات سیستم');
INSERT INTO [dbo].[PAY2_CONFIG] ([CFG_KEY], [CFG_VALUE], [CFG_OPTIONS], [CFG_DEFAULT], [CFG_SECTION], [LABEL_FA], [DESC_FA], [OPT_LABELS], [DATA_TYPE], [ACCESS_LEVEL], [CHANGED_AT], [CHANGED_BY], [CHANGE_NOTE])
VALUES (N'INS_TAB56_UNEMP', N'0', N'1|0', N'0', N'بیمه', N'آیا تبصره ۵۶ مشمول ۳٪ بیکاری هست؟', N'0=خیر (پیش‌فرض) | 1=بله', N'خیر|بله', N'BOOL', 1, CONVERT(datetime, '2026-06-28T21:16:40.100', 126), 52, N'بروزرسانی از صفحه تنظیمات سیستم');
INSERT INTO [dbo].[PAY2_CONFIG] ([CFG_KEY], [CFG_VALUE], [CFG_OPTIONS], [CFG_DEFAULT], [CFG_SECTION], [LABEL_FA], [DESC_FA], [OPT_LABELS], [DATA_TYPE], [ACCESS_LEVEL], [CHANGED_AT], [CHANGED_BY], [CHANGE_NOTE])
VALUES (N'INS_UNEMP_RATE', N'3.00', NULL, N'3.00', N'بیمه', N'نرخ بیمه بیکاری کارفرما (درصد) — برای غیرمدیران', NULL, NULL, N'DECIMAL', 1, CONVERT(datetime, '2026-06-28T21:16:40.103', 126), 52, N'بروزرسانی از صفحه تنظیمات سیستم');
INSERT INTO [dbo].[PAY2_CONFIG] ([CFG_KEY], [CFG_VALUE], [CFG_OPTIONS], [CFG_DEFAULT], [CFG_SECTION], [LABEL_FA], [DESC_FA], [OPT_LABELS], [DATA_TYPE], [ACCESS_LEVEL], [CHANGED_AT], [CHANGED_BY], [CHANGE_NOTE])
VALUES (N'INS_WORKER_RATE', N'7.00', NULL, N'7.00', N'بیمه', N'نرخ بیمه کارگر (درصد)', NULL, NULL, N'DECIMAL', 1, CONVERT(datetime, '2026-06-28T21:16:40.103', 126), 52, N'بروزرسانی از صفحه تنظیمات سیستم');
INSERT INTO [dbo].[PAY2_CONFIG] ([CFG_KEY], [CFG_VALUE], [CFG_OPTIONS], [CFG_DEFAULT], [CFG_SECTION], [LABEL_FA], [DESC_FA], [OPT_LABELS], [DATA_TYPE], [ACCESS_LEVEL], [CHANGED_AT], [CHANGED_BY], [CHANGE_NOTE])
VALUES (N'ITEM_DEF_MIN_ROLE', N'ADMIN', N'SUPER|ADMIN|MGR', N'ADMIN', N'امنیت', N'حداقل نقش برای تعریف آیتم حکم', NULL, N'فقط مدیر ارشد|ادمین|مدیر حقوق', N'TEXT', 1, CONVERT(datetime, '2026-06-28T21:16:40.123', 126), 52, N'بروزرسانی از صفحه تنظیمات سیستم');
INSERT INTO [dbo].[PAY2_CONFIG] ([CFG_KEY], [CFG_VALUE], [CFG_OPTIONS], [CFG_DEFAULT], [CFG_SECTION], [LABEL_FA], [DESC_FA], [OPT_LABELS], [DATA_TYPE], [ACCESS_LEVEL], [CHANGED_AT], [CHANGED_BY], [CHANGE_NOTE])
VALUES (N'LEAVE_ANNUAL_DAYS', N'26', N'24|26|30', N'26', N'مرخصی', N'روزهای مرخصی استحقاقی سالانه', N'ماده ۶۴ ق.ک', N'۲۴ روز|۲۶ روز|۳۰ روز', N'INT', 2, CONVERT(datetime, '2026-06-28T21:16:40.110', 126), 52, N'بروزرسانی از صفحه تنظیمات سیستم');
INSERT INTO [dbo].[PAY2_CONFIG] ([CFG_KEY], [CFG_VALUE], [CFG_OPTIONS], [CFG_DEFAULT], [CFG_SECTION], [LABEL_FA], [DESC_FA], [OPT_LABELS], [DATA_TYPE], [ACCESS_LEVEL], [CHANGED_AT], [CHANGED_BY], [CHANGE_NOTE])
VALUES (N'LEAVE_CARRYOVER_MAX', N'9', N'0|9|999', N'9', N'مرخصی', N'حداکثر روز انتقال مرخصی به سال بعد', N'ماده ۶۶ ق.ک — ۹ روز', N'ممنوع|۹ روز (قانون)|نامحدود', N'INT', 2, CONVERT(datetime, '2026-06-28T21:16:40.110', 126), 52, N'بروزرسانی از صفحه تنظیمات سیستم');
INSERT INTO [dbo].[PAY2_CONFIG] ([CFG_KEY], [CFG_VALUE], [CFG_OPTIONS], [CFG_DEFAULT], [CFG_SECTION], [LABEL_FA], [DESC_FA], [OPT_LABELS], [DATA_TYPE], [ACCESS_LEVEL], [CHANGED_AT], [CHANGED_BY], [CHANGE_NOTE])
VALUES (N'LEAVE_HOURLY_MAX_MINS', N'200', NULL, N'200', N'مرخصی', N'حداکثر زمان مرخصی ساعتی (دقیقه)', N'حداکثر دقایق مجاز برای ثبت در یک برگ مرخصی ساعتی (مثلاً ۲۰۰ دقیقه = ۳ ساعت و ۲۰ دقیقه)', NULL, N'INT', 2, CONVERT(datetime, '2026-06-28T21:16:40.113', 126), 52, N'بروزرسانی از صفحه تنظیمات سیستم');
INSERT INTO [dbo].[PAY2_CONFIG] ([CFG_KEY], [CFG_VALUE], [CFG_OPTIONS], [CFG_DEFAULT], [CFG_SECTION], [LABEL_FA], [DESC_FA], [OPT_LABELS], [DATA_TYPE], [ACCESS_LEVEL], [CHANGED_AT], [CHANGED_BY], [CHANGE_NOTE])
VALUES (N'LEAVE_MINS_PER_DAY', N'440', NULL, N'440', N'مرخصی', N'دقیقه معادل یک روز مرخصی', N'v6: ۴۴۰ دقیقه (طبق کارکرد سیستم قدیم) — مبنای LEAVE_BAL و تسویه مرخصی', NULL, N'INT', 2, CONVERT(datetime, '2026-06-28T21:16:40.113', 126), 52, N'بروزرسانی از صفحه تنظیمات سیستم');
INSERT INTO [dbo].[PAY2_CONFIG] ([CFG_KEY], [CFG_VALUE], [CFG_OPTIONS], [CFG_DEFAULT], [CFG_SECTION], [LABEL_FA], [DESC_FA], [OPT_LABELS], [DATA_TYPE], [ACCESS_LEVEL], [CHANGED_AT], [CHANGED_BY], [CHANGE_NOTE])
VALUES (N'MID_MONTH_PRORATE', N'CALENDAR', N'CALENDAR|EXACT', N'CALENDAR', N'محاسبه', N'روش تغییر حکم وسط ماه', N'CALENDAR=روز تقویمی | EXACT=نسبت دقیق', N'روز تقویمی|نسبت دقیق', N'TEXT', 2, CONVERT(datetime, '2026-06-28T21:16:40.077', 126), 52, N'بروزرسانی از صفحه تنظیمات سیستم');
INSERT INTO [dbo].[PAY2_CONFIG] ([CFG_KEY], [CFG_VALUE], [CFG_OPTIONS], [CFG_DEFAULT], [CFG_SECTION], [LABEL_FA], [DESC_FA], [OPT_LABELS], [DATA_TYPE], [ACCESS_LEVEL], [CHANGED_AT], [CHANGED_BY], [CHANGE_NOTE])
VALUES (N'MIN_WAGE_DAILY', N'5541850', NULL, N'73200', N'تسویه', N'حداقل دستمزد روزانه (ریال) طبق قانون کار', N'هر سال با ابلاغ شورای عالی کار به‌روز شود.', NULL, N'INT', 1, CONVERT(datetime, '2026-06-28T21:16:40.120', 126), 52, N'بروزرسانی از صفحه تنظیمات سیستم');
INSERT INTO [dbo].[PAY2_CONFIG] ([CFG_KEY], [CFG_VALUE], [CFG_OPTIONS], [CFG_DEFAULT], [CFG_SECTION], [LABEL_FA], [DESC_FA], [OPT_LABELS], [DATA_TYPE], [ACCESS_LEVEL], [CHANGED_AT], [CHANGED_BY], [CHANGE_NOTE])
VALUES (N'MIN_WAGE_MONTHLY', N'166255500', NULL, N'2196000', N'تسویه', N'حداقل دستمزد ماهیانه (ریال) طبق قانون کار', N'= MIN_WAGE_DAILY × ۳۰. مبنای محاسبه عیدی در حالت MIN_WAGE.', NULL, N'INT', 1, CONVERT(datetime, '2026-06-28T21:16:40.120', 126), 52, N'بروزرسانی از صفحه تنظیمات سیستم');
INSERT INTO [dbo].[PAY2_CONFIG] ([CFG_KEY], [CFG_VALUE], [CFG_OPTIONS], [CFG_DEFAULT], [CFG_SECTION], [LABEL_FA], [DESC_FA], [OPT_LABELS], [DATA_TYPE], [ACCESS_LEVEL], [CHANGED_AT], [CHANGED_BY], [CHANGE_NOTE])
VALUES (N'MONTHLY_ITEM_PRORATE', N'0', N'1|0', N'0', N'محاسبه', N'کسر آیتم‌های ماهیانه به‌نسبت غیبت', N'1=آیتم‌های ماهانه (حق تأهل/جذب/شرایط محیط کار/سایر ثابت) با غیبت کم می‌شوند | 0=کامل پرداخت می‌شوند', N'به‌نسبت کارکرد|کامل', N'BOOL', 2, CONVERT(datetime, '2026-06-28T21:16:40.083', 126), 52, N'بروزرسانی از صفحه تنظیمات سیستم');
INSERT INTO [dbo].[PAY2_CONFIG] ([CFG_KEY], [CFG_VALUE], [CFG_OPTIONS], [CFG_DEFAULT], [CFG_SECTION], [LABEL_FA], [DESC_FA], [OPT_LABELS], [DATA_TYPE], [ACCESS_LEVEL], [CHANGED_AT], [CHANGED_BY], [CHANGE_NOTE])
VALUES (N'MONTH_DAYS_MODE', N'REAL', N'30|REAL', N'30', N'محاسبه', N'مبنای روزهای ماه', N'30=ثابت ۳۰ روز | REAL=روز واقعی شمسی', N'۳۰ روز ثابت|روز واقعی ماه', N'TEXT', 2, CONVERT(datetime, '2026-06-28T21:16:40.083', 126), 52, N'بروزرسانی از صفحه تنظیمات سیستم');
INSERT INTO [dbo].[PAY2_CONFIG] ([CFG_KEY], [CFG_VALUE], [CFG_OPTIONS], [CFG_DEFAULT], [CFG_SECTION], [LABEL_FA], [DESC_FA], [OPT_LABELS], [DATA_TYPE], [ACCESS_LEVEL], [CHANGED_AT], [CHANGED_BY], [CHANGE_NOTE])
VALUES (N'OT_HOLIDAY_MULT', N'1.40', NULL, N'1.40', N'محاسبه', N'ضریب اضافه‌کار تعطیل', N'طبق ماده ۶۲ ق.ک. برخی کارگاه‌ها بالاتر توافق می‌کنند', NULL, N'DECIMAL', 2, CONVERT(datetime, '2026-06-28T21:16:40.093', 126), 52, N'بروزرسانی از صفحه تنظیمات سیستم');
INSERT INTO [dbo].[PAY2_CONFIG] ([CFG_KEY], [CFG_VALUE], [CFG_OPTIONS], [CFG_DEFAULT], [CFG_SECTION], [LABEL_FA], [DESC_FA], [OPT_LABELS], [DATA_TYPE], [ACCESS_LEVEL], [CHANGED_AT], [CHANGED_BY], [CHANGE_NOTE])
VALUES (N'OT_HOUR_BASE', N'7.33', NULL, N'7.33', N'محاسبه', N'ساعت کاری روزانه (مبنای نرخ ساعتی)', N'۷.۳۳ ساعت = ۴۴ ساعت هفتگی ÷ ۶', NULL, N'DECIMAL', 2, CONVERT(datetime, '2026-06-28T21:16:40.093', 126), 52, N'بروزرسانی از صفحه تنظیمات سیستم');
INSERT INTO [dbo].[PAY2_CONFIG] ([CFG_KEY], [CFG_VALUE], [CFG_OPTIONS], [CFG_DEFAULT], [CFG_SECTION], [LABEL_FA], [DESC_FA], [OPT_LABELS], [DATA_TYPE], [ACCESS_LEVEL], [CHANGED_AT], [CHANGED_BY], [CHANGE_NOTE])
VALUES (N'OT_NORMAL_MULT', N'1.40', NULL, N'1.40', N'محاسبه', N'ضریب اضافه‌کار عادی', N'طبق ماده ۵۹ ق.ک ضریب ۱.۴۰ (۴۰٪ اضافه)', NULL, N'DECIMAL', 2, CONVERT(datetime, '2026-06-28T21:16:40.093', 126), 52, N'بروزرسانی از صفحه تنظیمات سیستم');
INSERT INTO [dbo].[PAY2_CONFIG] ([CFG_KEY], [CFG_VALUE], [CFG_OPTIONS], [CFG_DEFAULT], [CFG_SECTION], [LABEL_FA], [DESC_FA], [OPT_LABELS], [DATA_TYPE], [ACCESS_LEVEL], [CHANGED_AT], [CHANGED_BY], [CHANGE_NOTE])
VALUES (N'ROUND_MODE', N'1000', N'1|100|1000|10000', N'1000', N'محاسبه', N'گرد کردن مبالغ (ریال)', N'مبلغ خالص به نزدیک‌ترین مضرب این عدد گرد می‌شود', N'تومان|صدگان|هزارگان|ده‌هزارگان', N'INT', 2, CONVERT(datetime, '2026-06-28T21:16:40.097', 126), 52, N'بروزرسانی از صفحه تنظیمات سیستم');
INSERT INTO [dbo].[PAY2_CONFIG] ([CFG_KEY], [CFG_VALUE], [CFG_OPTIONS], [CFG_DEFAULT], [CFG_SECTION], [LABEL_FA], [DESC_FA], [OPT_LABELS], [DATA_TYPE], [ACCESS_LEVEL], [CHANGED_AT], [CHANGED_BY], [CHANGE_NOTE])
VALUES (N'SENIORITY_FIXED_AMT', N'5000000', NULL, N'0', N'تسویه', N'مبلغ ثابت سنوات per سال (ریال) — فقط حالت FIXED', NULL, NULL, N'INT', 2, CONVERT(datetime, '2026-06-28T21:16:40.120', 126), 52, N'بروزرسانی از صفحه تنظیمات سیستم');
INSERT INTO [dbo].[PAY2_CONFIG] ([CFG_KEY], [CFG_VALUE], [CFG_OPTIONS], [CFG_DEFAULT], [CFG_SECTION], [LABEL_FA], [DESC_FA], [OPT_LABELS], [DATA_TYPE], [ACCESS_LEVEL], [CHANGED_AT], [CHANGED_BY], [CHANGE_NOTE])
VALUES (N'SENIORITY_MODE', N'LAST_SAL', N'LAST_SAL|DAILY|FIXED', N'LAST_SAL', N'تسویه', N'مبنای حق سنوات', N'LAST_SAL=آخرین ماه×سال | DAILY=نرخ روزانه×۳۰×سال | FIXED=مبلغ ثابت per سال', N'آخرین حقوق|نرخ روزانه|مبلغ ثابت', N'TEXT', 2, CONVERT(datetime, '2026-06-28T21:16:40.120', 126), 52, N'بروزرسانی از صفحه تنظیمات سیستم');
INSERT INTO [dbo].[PAY2_CONFIG] ([CFG_KEY], [CFG_VALUE], [CFG_OPTIONS], [CFG_DEFAULT], [CFG_SECTION], [LABEL_FA], [DESC_FA], [OPT_LABELS], [DATA_TYPE], [ACCESS_LEVEL], [CHANGED_AT], [CHANGED_BY], [CHANGE_NOTE])
VALUES (N'SHIFT_MODE', N'PCT', N'PCT|FIXED', N'PCT', N'محاسبه', N'روش محاسبه حق شیفت', N'PCT=درصدی از حقوق پایه | FIXED=مبلغ ثابت در حکم', N'درصدی|مبلغ ثابت', N'TEXT', 2, CONVERT(datetime, '2026-06-28T21:16:40.097', 126), 52, N'بروزرسانی از صفحه تنظیمات سیستم');
INSERT INTO [dbo].[PAY2_CONFIG] ([CFG_KEY], [CFG_VALUE], [CFG_OPTIONS], [CFG_DEFAULT], [CFG_SECTION], [LABEL_FA], [DESC_FA], [OPT_LABELS], [DATA_TYPE], [ACCESS_LEVEL], [CHANGED_AT], [CHANGED_BY], [CHANGE_NOTE])
VALUES (N'TAX_DEDUCT_INS', N'1', N'1|0', N'1', N'مالیات', N'کسر سهم بیمه کارگر از مبنای مالیات', N'۱=بله (تبصره ۱ ماده ۸۶ ق.م.م)', N'بله — قانونی|خیر', N'BOOL', 2, CONVERT(datetime, '2026-06-28T21:16:40.103', 126), 52, N'بروزرسانی از صفحه تنظیمات سیستم');
INSERT INTO [dbo].[PAY2_CONFIG] ([CFG_KEY], [CFG_VALUE], [CFG_OPTIONS], [CFG_DEFAULT], [CFG_SECTION], [LABEL_FA], [DESC_FA], [OPT_LABELS], [DATA_TYPE], [ACCESS_LEVEL], [CHANGED_AT], [CHANGED_BY], [CHANGE_NOTE])
VALUES (N'TAX_DEPRIVATION_APPLY', N'0', N'1|0', N'1', N'مالیات', N'اعمال معافیت مناطق محروم', N'تا ۵۰٪ معافیت برای شاغلان مناطق محروم', N'اعمال|عدم اعمال', N'BOOL', 2, CONVERT(datetime, '2026-06-28T21:16:40.107', 126), 52, N'بروزرسانی از صفحه تنظیمات سیستم');
INSERT INTO [dbo].[PAY2_CONFIG] ([CFG_KEY], [CFG_VALUE], [CFG_OPTIONS], [CFG_DEFAULT], [CFG_SECTION], [LABEL_FA], [DESC_FA], [OPT_LABELS], [DATA_TYPE], [ACCESS_LEVEL], [CHANGED_AT], [CHANGED_BY], [CHANGE_NOTE])
VALUES (N'TAX_EXEMPT_MONTHLY', N'400000000', NULL, N'84000000', N'مالیات', N'معافیت ماهیانه مالیاتی (ریال)', N'= معافیت سالانه ماده ۸۴ تقسیم بر ۱۲', NULL, N'INT', 1, CONVERT(datetime, '2026-06-28T21:16:40.107', 126), 52, N'بروزرسانی از صفحه تنظیمات سیستم');
INSERT INTO [dbo].[PAY2_CONFIG] ([CFG_KEY], [CFG_VALUE], [CFG_OPTIONS], [CFG_DEFAULT], [CFG_SECTION], [LABEL_FA], [DESC_FA], [OPT_LABELS], [DATA_TYPE], [ACCESS_LEVEL], [CHANGED_AT], [CHANGED_BY], [CHANGE_NOTE])
VALUES (N'TAX_YEAR', N'1405', NULL, N'1403', N'مالیات', N'سال مالیاتی جاری', N'برای انتخاب ردیف‌های صحیح از PAY2_TAX_BRACKET', NULL, N'INT', 1, CONVERT(datetime, '2026-06-28T21:16:40.107', 126), 52, N'بروزرسانی از صفحه تنظیمات سیستم');
GO

-- PAY2_TAX_BRACKET: 9 row(s)
SET IDENTITY_INSERT [dbo].[PAY2_TAX_BRACKET] ON;
INSERT INTO [dbo].[PAY2_TAX_BRACKET] ([BRK_ID], [TAX_YEAR], [UPPER_LIMIT], [RATE_PCT], [FIXED_TAX], [SORT_ORDER])
VALUES (11, 1403, 1800000000, 10.00, 0, 1);
INSERT INTO [dbo].[PAY2_TAX_BRACKET] ([BRK_ID], [TAX_YEAR], [UPPER_LIMIT], [RATE_PCT], [FIXED_TAX], [SORT_ORDER])
VALUES (12, 1403, 2700000000, 15.00, 180000000, 2);
INSERT INTO [dbo].[PAY2_TAX_BRACKET] ([BRK_ID], [TAX_YEAR], [UPPER_LIMIT], [RATE_PCT], [FIXED_TAX], [SORT_ORDER])
VALUES (13, 1403, 3600000000, 20.00, 315000000, 3);
INSERT INTO [dbo].[PAY2_TAX_BRACKET] ([BRK_ID], [TAX_YEAR], [UPPER_LIMIT], [RATE_PCT], [FIXED_TAX], [SORT_ORDER])
VALUES (14, 1403, 4800000000, 25.00, 495000000, 4);
INSERT INTO [dbo].[PAY2_TAX_BRACKET] ([BRK_ID], [TAX_YEAR], [UPPER_LIMIT], [RATE_PCT], [FIXED_TAX], [SORT_ORDER])
VALUES (15, 1403, 9999999999, 30.00, 795000000, 5);
INSERT INTO [dbo].[PAY2_TAX_BRACKET] ([BRK_ID], [TAX_YEAR], [UPPER_LIMIT], [RATE_PCT], [FIXED_TAX], [SORT_ORDER])
VALUES (26, 1405, 9600000000, 10.00, 0, 1);
INSERT INTO [dbo].[PAY2_TAX_BRACKET] ([BRK_ID], [TAX_YEAR], [UPPER_LIMIT], [RATE_PCT], [FIXED_TAX], [SORT_ORDER])
VALUES (27, 1405, 12000000000, 15.00, 960000000, 2);
INSERT INTO [dbo].[PAY2_TAX_BRACKET] ([BRK_ID], [TAX_YEAR], [UPPER_LIMIT], [RATE_PCT], [FIXED_TAX], [SORT_ORDER])
VALUES (28, 1405, 14400000000, 20.00, 1320000000, 3);
INSERT INTO [dbo].[PAY2_TAX_BRACKET] ([BRK_ID], [TAX_YEAR], [UPPER_LIMIT], [RATE_PCT], [FIXED_TAX], [SORT_ORDER])
VALUES (29, 1405, 16800000000, 25.00, 1800000000, 4);
SET IDENTITY_INSERT [dbo].[PAY2_TAX_BRACKET] OFF;
GO

-- PAY2_EMPLOYEE: 16 row(s)
SET IDENTITY_INSERT [dbo].[PAY2_EMPLOYEE] ON;
INSERT INTO [dbo].[PAY2_EMPLOYEE] ([EMP_ID], [EMP_CODE], [WS_ID], [FIRST_NAME], [LAST_NAME], [FATHER_NAME], [NATIONAL_CODE], [ID_NUMBER], [BIRTH_PLACE], [BIRTH_DATE], [GENDER], [NATIONALITY], [IS_JANBAZ], [HIRE_DATE], [JOB_ID], [UNIT], [EDU_LEVEL], [MARITAL], [IS_MANAGER], [INS_CODE], [INS_TYPE], [TAX_EXEMPT], [REGION_DEPRIVATION], [ACC_T], [CARD_NO], [MOBILE], [IS_ACTIVE], [CREATED_AT], [CREATED_BY], [IBAN])
VALUES (1, N'9001', 1, N'کارمند', N'آزمایشی 01', N'نام پدر آزمایشی', N'9900000013', N'T0000001', N'آزمایشی', 13700101, 1, 1, 0, 14011101, 168753, 4, 6, 1, 0, N'90000001', 1, 0, 0, N'213-1-9001', N'9001', N'09000000001', 1, CONVERT(datetime, '2026-05-05T18:08:06.073', 126), 52, NULL);
INSERT INTO [dbo].[PAY2_EMPLOYEE] ([EMP_ID], [EMP_CODE], [WS_ID], [FIRST_NAME], [LAST_NAME], [FATHER_NAME], [NATIONAL_CODE], [ID_NUMBER], [BIRTH_PLACE], [BIRTH_DATE], [GENDER], [NATIONALITY], [IS_JANBAZ], [HIRE_DATE], [JOB_ID], [UNIT], [EDU_LEVEL], [MARITAL], [IS_MANAGER], [INS_CODE], [INS_TYPE], [TAX_EXEMPT], [REGION_DEPRIVATION], [ACC_T], [CARD_NO], [MOBILE], [IS_ACTIVE], [CREATED_AT], [CREATED_BY], [IBAN])
VALUES (2, N'9002', 1, N'کارمند', N'آزمایشی 02', N'نام پدر آزمایشی', N'9900000021', N'T0000002', N'آزمایشی', 13700102, 2, 1, 0, 14040101, 92963, 4, 2, 2, 0, N'90000002', 1, 0, 0, N'213-1-9002', N'9002', NULL, 1, CONVERT(datetime, '2026-06-09T13:12:45.830', 126), 112, N'000000000000000000000002');
INSERT INTO [dbo].[PAY2_EMPLOYEE] ([EMP_ID], [EMP_CODE], [WS_ID], [FIRST_NAME], [LAST_NAME], [FATHER_NAME], [NATIONAL_CODE], [ID_NUMBER], [BIRTH_PLACE], [BIRTH_DATE], [GENDER], [NATIONALITY], [IS_JANBAZ], [HIRE_DATE], [JOB_ID], [UNIT], [EDU_LEVEL], [MARITAL], [IS_MANAGER], [INS_CODE], [INS_TYPE], [TAX_EXEMPT], [REGION_DEPRIVATION], [ACC_T], [CARD_NO], [MOBILE], [IS_ACTIVE], [CREATED_AT], [CREATED_BY], [IBAN])
VALUES (3, N'9003', 1, N'کارمند', N'آزمایشی 03', N'نام پدر آزمایشی', N'9900000031', N'T0000003', N'آزمایشی', 13700103, 1, 1, 0, 14011101, 98610, 4, 2, 2, 0, N'90000003', 1, 0, 0, N'213-1-9003', N'9003', NULL, 1, CONVERT(datetime, '2026-06-09T13:38:56.623', 126), 112, NULL);
INSERT INTO [dbo].[PAY2_EMPLOYEE] ([EMP_ID], [EMP_CODE], [WS_ID], [FIRST_NAME], [LAST_NAME], [FATHER_NAME], [NATIONAL_CODE], [ID_NUMBER], [BIRTH_PLACE], [BIRTH_DATE], [GENDER], [NATIONALITY], [IS_JANBAZ], [HIRE_DATE], [JOB_ID], [UNIT], [EDU_LEVEL], [MARITAL], [IS_MANAGER], [INS_CODE], [INS_TYPE], [TAX_EXEMPT], [REGION_DEPRIVATION], [ACC_T], [CARD_NO], [MOBILE], [IS_ACTIVE], [CREATED_AT], [CREATED_BY], [IBAN])
VALUES (4, N'9004', 1, N'کارمند', N'آزمایشی 04', N'نام پدر آزمایشی', N'9900000048', N'T0000004', N'آزمایشی', 13700104, 2, 1, 0, 14021201, 93988, 2, 2, 2, 0, N'90000004', 1, 0, 0, N'213-1-9004', NULL, NULL, 1, CONVERT(datetime, '2026-06-09T13:50:52.693', 126), 112, NULL);
INSERT INTO [dbo].[PAY2_EMPLOYEE] ([EMP_ID], [EMP_CODE], [WS_ID], [FIRST_NAME], [LAST_NAME], [FATHER_NAME], [NATIONAL_CODE], [ID_NUMBER], [BIRTH_PLACE], [BIRTH_DATE], [GENDER], [NATIONALITY], [IS_JANBAZ], [HIRE_DATE], [JOB_ID], [UNIT], [EDU_LEVEL], [MARITAL], [IS_MANAGER], [INS_CODE], [INS_TYPE], [TAX_EXEMPT], [REGION_DEPRIVATION], [ACC_T], [CARD_NO], [MOBILE], [IS_ACTIVE], [CREATED_AT], [CREATED_BY], [IBAN])
VALUES (5, N'9005', 1, N'کارمند', N'آزمایشی 05', N'نام پدر آزمایشی', N'9900000056', N'T0000005', N'آزمایشی', 13700105, 1, 1, 0, 14040320, 1, 1, 1, 2, 0, N'90000005', 1, 0, 0, N'213-1-9005', NULL, NULL, 1, CONVERT(datetime, '2026-06-09T14:03:56.230', 126), 112, NULL);
INSERT INTO [dbo].[PAY2_EMPLOYEE] ([EMP_ID], [EMP_CODE], [WS_ID], [FIRST_NAME], [LAST_NAME], [FATHER_NAME], [NATIONAL_CODE], [ID_NUMBER], [BIRTH_PLACE], [BIRTH_DATE], [GENDER], [NATIONALITY], [IS_JANBAZ], [HIRE_DATE], [JOB_ID], [UNIT], [EDU_LEVEL], [MARITAL], [IS_MANAGER], [INS_CODE], [INS_TYPE], [TAX_EXEMPT], [REGION_DEPRIVATION], [ACC_T], [CARD_NO], [MOBILE], [IS_ACTIVE], [CREATED_AT], [CREATED_BY], [IBAN])
VALUES (6, N'9006', 1, N'کارمند', N'آزمایشی 06', N'نام پدر آزمایشی', N'9900000064', N'T0000006', N'آزمایشی', 13700106, 2, 1, 0, 14040101, 96001, 2, 4, 1, 0, N'90000006', 1, 0, 0, N'213-1-9006', NULL, NULL, 1, CONVERT(datetime, '2026-06-09T14:08:39.590', 126), 112, NULL);
INSERT INTO [dbo].[PAY2_EMPLOYEE] ([EMP_ID], [EMP_CODE], [WS_ID], [FIRST_NAME], [LAST_NAME], [FATHER_NAME], [NATIONAL_CODE], [ID_NUMBER], [BIRTH_PLACE], [BIRTH_DATE], [GENDER], [NATIONALITY], [IS_JANBAZ], [HIRE_DATE], [JOB_ID], [UNIT], [EDU_LEVEL], [MARITAL], [IS_MANAGER], [INS_CODE], [INS_TYPE], [TAX_EXEMPT], [REGION_DEPRIVATION], [ACC_T], [CARD_NO], [MOBILE], [IS_ACTIVE], [CREATED_AT], [CREATED_BY], [IBAN])
VALUES (7, N'9007', 1, N'کارمند', N'آزمایشی 07', N'نام پدر آزمایشی', N'9900000072', N'T0000007', N'آزمایشی', 13700107, 1, 1, 0, 13970727, 126075, 3, 1, 1, 0, N'90000007', 1, 0, 0, N'213-1-9007', NULL, NULL, 1, CONVERT(datetime, '2026-06-09T14:14:17.987', 126), 112, NULL);
INSERT INTO [dbo].[PAY2_EMPLOYEE] ([EMP_ID], [EMP_CODE], [WS_ID], [FIRST_NAME], [LAST_NAME], [FATHER_NAME], [NATIONAL_CODE], [ID_NUMBER], [BIRTH_PLACE], [BIRTH_DATE], [GENDER], [NATIONALITY], [IS_JANBAZ], [HIRE_DATE], [JOB_ID], [UNIT], [EDU_LEVEL], [MARITAL], [IS_MANAGER], [INS_CODE], [INS_TYPE], [TAX_EXEMPT], [REGION_DEPRIVATION], [ACC_T], [CARD_NO], [MOBILE], [IS_ACTIVE], [CREATED_AT], [CREATED_BY], [IBAN])
VALUES (8, N'9008', 1, N'کارمند', N'آزمایشی 08', N'نام پدر آزمایشی', N'9900000080', N'T0000008', N'آزمایشی', 13700108, 1, 1, 0, 14000509, 141750, 3, 4, 1, 0, N'90000008', 1, 0, 0, N'213-1-9008', NULL, NULL, 1, CONVERT(datetime, '2026-06-09T14:19:06.273', 126), 112, NULL);
INSERT INTO [dbo].[PAY2_EMPLOYEE] ([EMP_ID], [EMP_CODE], [WS_ID], [FIRST_NAME], [LAST_NAME], [FATHER_NAME], [NATIONAL_CODE], [ID_NUMBER], [BIRTH_PLACE], [BIRTH_DATE], [GENDER], [NATIONALITY], [IS_JANBAZ], [HIRE_DATE], [JOB_ID], [UNIT], [EDU_LEVEL], [MARITAL], [IS_MANAGER], [INS_CODE], [INS_TYPE], [TAX_EXEMPT], [REGION_DEPRIVATION], [ACC_T], [CARD_NO], [MOBILE], [IS_ACTIVE], [CREATED_AT], [CREATED_BY], [IBAN])
VALUES (9, N'9009', 1, N'کارمند', N'آزمایشی 09', N'نام پدر آزمایشی', N'9900000099', N'T0000009', N'آزمایشی', 13700109, 1, 1, 0, 13891001, 1, 1, 1, 1, 0, N'90000009', 1, 0, 0, N'213-1-9009', NULL, NULL, 1, CONVERT(datetime, '2026-06-09T14:24:44.147', 126), 112, NULL);
INSERT INTO [dbo].[PAY2_EMPLOYEE] ([EMP_ID], [EMP_CODE], [WS_ID], [FIRST_NAME], [LAST_NAME], [FATHER_NAME], [NATIONAL_CODE], [ID_NUMBER], [BIRTH_PLACE], [BIRTH_DATE], [GENDER], [NATIONALITY], [IS_JANBAZ], [HIRE_DATE], [JOB_ID], [UNIT], [EDU_LEVEL], [MARITAL], [IS_MANAGER], [INS_CODE], [INS_TYPE], [TAX_EXEMPT], [REGION_DEPRIVATION], [ACC_T], [CARD_NO], [MOBILE], [IS_ACTIVE], [CREATED_AT], [CREATED_BY], [IBAN])
VALUES (10, N'9010', 1, N'کارمند', N'آزمایشی 10', N'نام پدر آزمایشی', N'9900000102', N'T0000010', N'آزمایشی', 13700110, 1, 1, 0, 13960614, 1, 1, 1, 1, 0, N'90000010', 1, 0, 0, N'213-1-9010', NULL, NULL, 1, CONVERT(datetime, '2026-06-09T14:29:38.763', 126), 112, NULL);
INSERT INTO [dbo].[PAY2_EMPLOYEE] ([EMP_ID], [EMP_CODE], [WS_ID], [FIRST_NAME], [LAST_NAME], [FATHER_NAME], [NATIONAL_CODE], [ID_NUMBER], [BIRTH_PLACE], [BIRTH_DATE], [GENDER], [NATIONALITY], [IS_JANBAZ], [HIRE_DATE], [JOB_ID], [UNIT], [EDU_LEVEL], [MARITAL], [IS_MANAGER], [INS_CODE], [INS_TYPE], [TAX_EXEMPT], [REGION_DEPRIVATION], [ACC_T], [CARD_NO], [MOBILE], [IS_ACTIVE], [CREATED_AT], [CREATED_BY], [IBAN])
VALUES (11, N'9011', 1, N'کارمند', N'آزمایشی 11', N'نام پدر آزمایشی', N'9900000110', N'T0000011', N'آزمایشی', 13700111, 1, 1, 0, 13971113, 1, 1, 1, 1, 0, N'90000011', 1, 0, 0, N'213-1-9011', NULL, NULL, 1, CONVERT(datetime, '2026-06-09T14:34:59.207', 126), 112, NULL);
INSERT INTO [dbo].[PAY2_EMPLOYEE] ([EMP_ID], [EMP_CODE], [WS_ID], [FIRST_NAME], [LAST_NAME], [FATHER_NAME], [NATIONAL_CODE], [ID_NUMBER], [BIRTH_PLACE], [BIRTH_DATE], [GENDER], [NATIONALITY], [IS_JANBAZ], [HIRE_DATE], [JOB_ID], [UNIT], [EDU_LEVEL], [MARITAL], [IS_MANAGER], [INS_CODE], [INS_TYPE], [TAX_EXEMPT], [REGION_DEPRIVATION], [ACC_T], [CARD_NO], [MOBILE], [IS_ACTIVE], [CREATED_AT], [CREATED_BY], [IBAN])
VALUES (12, N'9012', 1, N'کارمند', N'آزمایشی 12', N'نام پدر آزمایشی', N'9900000129', N'T0000012', N'آزمایشی', 13700112, 1, 1, 0, 13930227, 1, 1, 1, 1, 0, N'90000012', 1, 0, 0, N'213-1-9012', NULL, NULL, 1, CONVERT(datetime, '2026-06-09T14:38:55.640', 126), 112, NULL);
INSERT INTO [dbo].[PAY2_EMPLOYEE] ([EMP_ID], [EMP_CODE], [WS_ID], [FIRST_NAME], [LAST_NAME], [FATHER_NAME], [NATIONAL_CODE], [ID_NUMBER], [BIRTH_PLACE], [BIRTH_DATE], [GENDER], [NATIONALITY], [IS_JANBAZ], [HIRE_DATE], [JOB_ID], [UNIT], [EDU_LEVEL], [MARITAL], [IS_MANAGER], [INS_CODE], [INS_TYPE], [TAX_EXEMPT], [REGION_DEPRIVATION], [ACC_T], [CARD_NO], [MOBILE], [IS_ACTIVE], [CREATED_AT], [CREATED_BY], [IBAN])
VALUES (13, N'9013', 1, N'کارمند', N'آزمایشی 13', N'نام پدر آزمایشی', N'9900000137', N'T0000013', N'آزمایشی', 13700113, 1, 1, 0, 13970927, 141876, 3, 1, 1, 0, N'90000013', 1, 0, 0, N'213-1-9013', NULL, NULL, 1, CONVERT(datetime, '2026-06-09T14:42:42.090', 126), 112, NULL);
INSERT INTO [dbo].[PAY2_EMPLOYEE] ([EMP_ID], [EMP_CODE], [WS_ID], [FIRST_NAME], [LAST_NAME], [FATHER_NAME], [NATIONAL_CODE], [ID_NUMBER], [BIRTH_PLACE], [BIRTH_DATE], [GENDER], [NATIONALITY], [IS_JANBAZ], [HIRE_DATE], [JOB_ID], [UNIT], [EDU_LEVEL], [MARITAL], [IS_MANAGER], [INS_CODE], [INS_TYPE], [TAX_EXEMPT], [REGION_DEPRIVATION], [ACC_T], [CARD_NO], [MOBILE], [IS_ACTIVE], [CREATED_AT], [CREATED_BY], [IBAN])
VALUES (14, N'9014', 1, N'کارمند', N'آزمایشی 14', N'نام پدر آزمایشی', N'9900000145', N'T0000014', N'آزمایشی', 13700114, 1, 1, 0, 14040326, 1, 1, 1, 1, 0, N'90000014', 1, 0, 0, N'213-1-9014', NULL, NULL, 1, CONVERT(datetime, '2026-06-09T14:46:40.880', 126), 112, NULL);
INSERT INTO [dbo].[PAY2_EMPLOYEE] ([EMP_ID], [EMP_CODE], [WS_ID], [FIRST_NAME], [LAST_NAME], [FATHER_NAME], [NATIONAL_CODE], [ID_NUMBER], [BIRTH_PLACE], [BIRTH_DATE], [GENDER], [NATIONALITY], [IS_JANBAZ], [HIRE_DATE], [JOB_ID], [UNIT], [EDU_LEVEL], [MARITAL], [IS_MANAGER], [INS_CODE], [INS_TYPE], [TAX_EXEMPT], [REGION_DEPRIVATION], [ACC_T], [CARD_NO], [MOBILE], [IS_ACTIVE], [CREATED_AT], [CREATED_BY], [IBAN])
VALUES (15, N'9015', 1, N'کارمند', N'آزمایشی 15', N'نام پدر آزمایشی', N'9900000153', N'T0000015', N'آزمایشی', 13700115, 1, 1, 0, 14040201, 1, 1, 2, 1, 0, N'90000015', 1, 0, 0, N'213-1-9015', NULL, NULL, 1, CONVERT(datetime, '2026-06-09T14:50:33.433', 126), 112, NULL);
INSERT INTO [dbo].[PAY2_EMPLOYEE] ([EMP_ID], [EMP_CODE], [WS_ID], [FIRST_NAME], [LAST_NAME], [FATHER_NAME], [NATIONAL_CODE], [ID_NUMBER], [BIRTH_PLACE], [BIRTH_DATE], [GENDER], [NATIONALITY], [IS_JANBAZ], [HIRE_DATE], [JOB_ID], [UNIT], [EDU_LEVEL], [MARITAL], [IS_MANAGER], [INS_CODE], [INS_TYPE], [TAX_EXEMPT], [REGION_DEPRIVATION], [ACC_T], [CARD_NO], [MOBILE], [IS_ACTIVE], [CREATED_AT], [CREATED_BY], [IBAN])
VALUES (16, N'9016', 1, N'کارمند', N'آزمایشی 16', N'نام پدر آزمایشی', N'9900000161', N'T0000016', N'آزمایشی', 13700116, 1, 1, 0, 14050301, 117894, 4, 3, 1, 0, N'90000016', 1, 0, 0, N'213-1-9016', NULL, NULL, 1, CONVERT(datetime, '2026-06-29T12:47:19.607', 126), 112, NULL);
SET IDENTITY_INSERT [dbo].[PAY2_EMPLOYEE] OFF;
GO

-- PAY2_PERIOD: 3 row(s)
SET IDENTITY_INSERT [dbo].[PAY2_PERIOD] ON;
INSERT INTO [dbo].[PAY2_PERIOD] ([PER_ID], [WS_ID], [PERIOD_DATE], [HOLIDAY_DAYS], [TENDAR_APPLY], [STATUS], [OPENED_AT], [CLOSED_AT], [DEED_N_S_PAY])
VALUES (2, 1, 14030100, 0, 0, 4, CONVERT(datetime, '2026-05-02T12:31:51.117', 126), NULL, NULL);
INSERT INTO [dbo].[PAY2_PERIOD] ([PER_ID], [WS_ID], [PERIOD_DATE], [HOLIDAY_DAYS], [TENDAR_APPLY], [STATUS], [OPENED_AT], [CLOSED_AT], [DEED_N_S_PAY])
VALUES (7, 1, 14050200, 0, 0, 3, CONVERT(datetime, '2026-06-09T14:21:08.213', 126), CONVERT(datetime, '2026-06-09T15:08:27.563', 126), NULL);
INSERT INTO [dbo].[PAY2_PERIOD] ([PER_ID], [WS_ID], [PERIOD_DATE], [HOLIDAY_DAYS], [TENDAR_APPLY], [STATUS], [OPENED_AT], [CLOSED_AT], [DEED_N_S_PAY])
VALUES (9, 1, 14050300, 0, 0, 4, CONVERT(datetime, '2026-06-09T19:10:37.490', 126), CONVERT(datetime, '2026-07-03T09:08:55.223', 126), 1342.000000000000);
SET IDENTITY_INSERT [dbo].[PAY2_PERIOD] OFF;
GO

-- PAY2_ATTENDANCE: 32 row(s)
INSERT INTO [dbo].[PAY2_ATTENDANCE] ([PER_ID], [EMP_ID], [WORK_DAYS], [DAYS_TOLID], [DAYS_EDARI], [DAYS_KHADAMAT], [DAYS_FOROSH], [OT_NORMAL_H], [OT_HOLIDAY_H], [OT_ADMIN_H], [LEAVE_DAYS], [ABSENT_DAYS], [MISSION_DAYS], [DAYS], [DAYSB], [FRID_COUNT], [TDAYS], [PERF_AMOUNT], [TRANSP_AMOUNT], [KASR_OTHER], [SOURCE], [LOCKED], [CREATED_AT])
VALUES (2, 1, 31.00, 0.00, 31.00, 0.00, 0.00, 0.00, 0.00, 0.00, 0.00, 0.00, 0.00, 31.00, 31.00, 0, 0.00, 0, 0, 0, 1, 0, CONVERT(datetime, '2026-06-16T08:26:02.870', 126));
INSERT INTO [dbo].[PAY2_ATTENDANCE] ([PER_ID], [EMP_ID], [WORK_DAYS], [DAYS_TOLID], [DAYS_EDARI], [DAYS_KHADAMAT], [DAYS_FOROSH], [OT_NORMAL_H], [OT_HOLIDAY_H], [OT_ADMIN_H], [LEAVE_DAYS], [ABSENT_DAYS], [MISSION_DAYS], [DAYS], [DAYSB], [FRID_COUNT], [TDAYS], [PERF_AMOUNT], [TRANSP_AMOUNT], [KASR_OTHER], [SOURCE], [LOCKED], [CREATED_AT])
VALUES (2, 2, 31.00, 0.00, 31.00, 0.00, 0.00, 2.05, 0.38, 0.00, 0.00, 0.00, 0.00, 31.00, 31.00, 0, 0.00, 0, 0, 0, 1, 0, CONVERT(datetime, '2026-06-16T08:26:02.870', 126));
INSERT INTO [dbo].[PAY2_ATTENDANCE] ([PER_ID], [EMP_ID], [WORK_DAYS], [DAYS_TOLID], [DAYS_EDARI], [DAYS_KHADAMAT], [DAYS_FOROSH], [OT_NORMAL_H], [OT_HOLIDAY_H], [OT_ADMIN_H], [LEAVE_DAYS], [ABSENT_DAYS], [MISSION_DAYS], [DAYS], [DAYSB], [FRID_COUNT], [TDAYS], [PERF_AMOUNT], [TRANSP_AMOUNT], [KASR_OTHER], [SOURCE], [LOCKED], [CREATED_AT])
VALUES (2, 3, 31.00, 0.00, 31.00, 0.00, 0.00, 0.00, 0.00, 0.00, 0.00, 0.00, 0.00, 31.00, 31.00, 0, 0.00, 0, 0, 0, 1, 0, CONVERT(datetime, '2026-06-16T08:26:02.870', 126));
INSERT INTO [dbo].[PAY2_ATTENDANCE] ([PER_ID], [EMP_ID], [WORK_DAYS], [DAYS_TOLID], [DAYS_EDARI], [DAYS_KHADAMAT], [DAYS_FOROSH], [OT_NORMAL_H], [OT_HOLIDAY_H], [OT_ADMIN_H], [LEAVE_DAYS], [ABSENT_DAYS], [MISSION_DAYS], [DAYS], [DAYSB], [FRID_COUNT], [TDAYS], [PERF_AMOUNT], [TRANSP_AMOUNT], [KASR_OTHER], [SOURCE], [LOCKED], [CREATED_AT])
VALUES (2, 4, 31.00, 0.00, 31.00, 0.00, 0.00, 0.00, 0.00, 0.00, 0.00, 0.00, 0.00, 31.00, 31.00, 0, 0.00, 0, 0, 0, 1, 0, CONVERT(datetime, '2026-06-16T08:26:02.870', 126));
INSERT INTO [dbo].[PAY2_ATTENDANCE] ([PER_ID], [EMP_ID], [WORK_DAYS], [DAYS_TOLID], [DAYS_EDARI], [DAYS_KHADAMAT], [DAYS_FOROSH], [OT_NORMAL_H], [OT_HOLIDAY_H], [OT_ADMIN_H], [LEAVE_DAYS], [ABSENT_DAYS], [MISSION_DAYS], [DAYS], [DAYSB], [FRID_COUNT], [TDAYS], [PERF_AMOUNT], [TRANSP_AMOUNT], [KASR_OTHER], [SOURCE], [LOCKED], [CREATED_AT])
VALUES (2, 5, 31.00, 31.00, 0.00, 0.00, 0.00, 2.00, 0.53, 0.00, 0.00, 0.00, 0.00, 31.00, 31.00, 0, 0.00, 0, 0, 0, 1, 0, CONVERT(datetime, '2026-06-16T08:26:02.870', 126));
INSERT INTO [dbo].[PAY2_ATTENDANCE] ([PER_ID], [EMP_ID], [WORK_DAYS], [DAYS_TOLID], [DAYS_EDARI], [DAYS_KHADAMAT], [DAYS_FOROSH], [OT_NORMAL_H], [OT_HOLIDAY_H], [OT_ADMIN_H], [LEAVE_DAYS], [ABSENT_DAYS], [MISSION_DAYS], [DAYS], [DAYSB], [FRID_COUNT], [TDAYS], [PERF_AMOUNT], [TRANSP_AMOUNT], [KASR_OTHER], [SOURCE], [LOCKED], [CREATED_AT])
VALUES (2, 6, 31.00, 0.00, 31.00, 0.00, 0.00, 0.00, 0.00, 0.00, 0.00, 0.00, 0.00, 31.00, 31.00, 0, 0.00, 0, 0, 0, 1, 0, CONVERT(datetime, '2026-06-16T08:26:02.870', 126));
INSERT INTO [dbo].[PAY2_ATTENDANCE] ([PER_ID], [EMP_ID], [WORK_DAYS], [DAYS_TOLID], [DAYS_EDARI], [DAYS_KHADAMAT], [DAYS_FOROSH], [OT_NORMAL_H], [OT_HOLIDAY_H], [OT_ADMIN_H], [LEAVE_DAYS], [ABSENT_DAYS], [MISSION_DAYS], [DAYS], [DAYSB], [FRID_COUNT], [TDAYS], [PERF_AMOUNT], [TRANSP_AMOUNT], [KASR_OTHER], [SOURCE], [LOCKED], [CREATED_AT])
VALUES (2, 7, 31.00, 0.00, 0.00, 31.00, 0.00, 0.00, 0.00, 0.00, 0.00, 0.00, 0.00, 31.00, 31.00, 0, 0.00, 0, 0, 0, 1, 0, CONVERT(datetime, '2026-06-16T08:26:02.870', 126));
INSERT INTO [dbo].[PAY2_ATTENDANCE] ([PER_ID], [EMP_ID], [WORK_DAYS], [DAYS_TOLID], [DAYS_EDARI], [DAYS_KHADAMAT], [DAYS_FOROSH], [OT_NORMAL_H], [OT_HOLIDAY_H], [OT_ADMIN_H], [LEAVE_DAYS], [ABSENT_DAYS], [MISSION_DAYS], [DAYS], [DAYSB], [FRID_COUNT], [TDAYS], [PERF_AMOUNT], [TRANSP_AMOUNT], [KASR_OTHER], [SOURCE], [LOCKED], [CREATED_AT])
VALUES (2, 8, 31.00, 0.00, 0.00, 31.00, 0.00, 15.05, 2.08, 0.00, 0.00, 0.00, 2.00, 31.00, 31.00, 0, 0.00, 0, 0, 0, 1, 0, CONVERT(datetime, '2026-06-16T08:26:02.870', 126));
INSERT INTO [dbo].[PAY2_ATTENDANCE] ([PER_ID], [EMP_ID], [WORK_DAYS], [DAYS_TOLID], [DAYS_EDARI], [DAYS_KHADAMAT], [DAYS_FOROSH], [OT_NORMAL_H], [OT_HOLIDAY_H], [OT_ADMIN_H], [LEAVE_DAYS], [ABSENT_DAYS], [MISSION_DAYS], [DAYS], [DAYSB], [FRID_COUNT], [TDAYS], [PERF_AMOUNT], [TRANSP_AMOUNT], [KASR_OTHER], [SOURCE], [LOCKED], [CREATED_AT])
VALUES (2, 9, 31.00, 31.00, 0.00, 0.00, 0.00, 20.83, 15.05, 0.00, 2.00, 0.00, 0.00, 31.00, 31.00, 0, 0.00, 0, 0, 0, 1, 0, CONVERT(datetime, '2026-06-16T08:26:02.870', 126));
INSERT INTO [dbo].[PAY2_ATTENDANCE] ([PER_ID], [EMP_ID], [WORK_DAYS], [DAYS_TOLID], [DAYS_EDARI], [DAYS_KHADAMAT], [DAYS_FOROSH], [OT_NORMAL_H], [OT_HOLIDAY_H], [OT_ADMIN_H], [LEAVE_DAYS], [ABSENT_DAYS], [MISSION_DAYS], [DAYS], [DAYSB], [FRID_COUNT], [TDAYS], [PERF_AMOUNT], [TRANSP_AMOUNT], [KASR_OTHER], [SOURCE], [LOCKED], [CREATED_AT])
VALUES (2, 10, 31.00, 31.00, 0.00, 0.00, 0.00, 0.42, 25.05, 0.00, 0.00, 0.00, 0.00, 31.00, 20.00, 0, 0.00, 0, 0, 0, 1, 0, CONVERT(datetime, '2026-06-16T08:26:02.870', 126));
INSERT INTO [dbo].[PAY2_ATTENDANCE] ([PER_ID], [EMP_ID], [WORK_DAYS], [DAYS_TOLID], [DAYS_EDARI], [DAYS_KHADAMAT], [DAYS_FOROSH], [OT_NORMAL_H], [OT_HOLIDAY_H], [OT_ADMIN_H], [LEAVE_DAYS], [ABSENT_DAYS], [MISSION_DAYS], [DAYS], [DAYSB], [FRID_COUNT], [TDAYS], [PERF_AMOUNT], [TRANSP_AMOUNT], [KASR_OTHER], [SOURCE], [LOCKED], [CREATED_AT])
VALUES (2, 11, 31.00, 31.00, 0.00, 0.00, 0.00, 50.00, 20.00, 0.00, 0.00, 0.00, 0.00, 31.00, 31.00, 0, 0.00, 0, 0, 0, 1, 0, CONVERT(datetime, '2026-06-16T08:26:02.870', 126));
INSERT INTO [dbo].[PAY2_ATTENDANCE] ([PER_ID], [EMP_ID], [WORK_DAYS], [DAYS_TOLID], [DAYS_EDARI], [DAYS_KHADAMAT], [DAYS_FOROSH], [OT_NORMAL_H], [OT_HOLIDAY_H], [OT_ADMIN_H], [LEAVE_DAYS], [ABSENT_DAYS], [MISSION_DAYS], [DAYS], [DAYSB], [FRID_COUNT], [TDAYS], [PERF_AMOUNT], [TRANSP_AMOUNT], [KASR_OTHER], [SOURCE], [LOCKED], [CREATED_AT])
VALUES (2, 12, 31.00, 31.00, 0.00, 0.00, 0.00, 125.03, 0.00, 0.00, 0.00, 0.00, 0.00, 31.00, 30.00, 0, 0.00, 0, 0, 0, 1, 0, CONVERT(datetime, '2026-06-16T08:26:02.870', 126));
INSERT INTO [dbo].[PAY2_ATTENDANCE] ([PER_ID], [EMP_ID], [WORK_DAYS], [DAYS_TOLID], [DAYS_EDARI], [DAYS_KHADAMAT], [DAYS_FOROSH], [OT_NORMAL_H], [OT_HOLIDAY_H], [OT_ADMIN_H], [LEAVE_DAYS], [ABSENT_DAYS], [MISSION_DAYS], [DAYS], [DAYSB], [FRID_COUNT], [TDAYS], [PERF_AMOUNT], [TRANSP_AMOUNT], [KASR_OTHER], [SOURCE], [LOCKED], [CREATED_AT])
VALUES (2, 13, 31.00, 31.00, 0.00, 0.00, 0.00, 50.03, 2.00, 0.00, 0.00, 0.00, 0.00, 31.00, 31.00, 0, 0.00, 0, 0, 0, 1, 0, CONVERT(datetime, '2026-06-16T08:26:02.870', 126));
INSERT INTO [dbo].[PAY2_ATTENDANCE] ([PER_ID], [EMP_ID], [WORK_DAYS], [DAYS_TOLID], [DAYS_EDARI], [DAYS_KHADAMAT], [DAYS_FOROSH], [OT_NORMAL_H], [OT_HOLIDAY_H], [OT_ADMIN_H], [LEAVE_DAYS], [ABSENT_DAYS], [MISSION_DAYS], [DAYS], [DAYSB], [FRID_COUNT], [TDAYS], [PERF_AMOUNT], [TRANSP_AMOUNT], [KASR_OTHER], [SOURCE], [LOCKED], [CREATED_AT])
VALUES (2, 14, 31.00, 31.00, 0.00, 0.00, 0.00, 25.10, 0.00, 0.00, 0.00, 0.00, 0.00, 31.00, 31.00, 0, 0.00, 0, 0, 0, 1, 0, CONVERT(datetime, '2026-06-16T08:26:02.870', 126));
INSERT INTO [dbo].[PAY2_ATTENDANCE] ([PER_ID], [EMP_ID], [WORK_DAYS], [DAYS_TOLID], [DAYS_EDARI], [DAYS_KHADAMAT], [DAYS_FOROSH], [OT_NORMAL_H], [OT_HOLIDAY_H], [OT_ADMIN_H], [LEAVE_DAYS], [ABSENT_DAYS], [MISSION_DAYS], [DAYS], [DAYSB], [FRID_COUNT], [TDAYS], [PERF_AMOUNT], [TRANSP_AMOUNT], [KASR_OTHER], [SOURCE], [LOCKED], [CREATED_AT])
VALUES (2, 15, 31.00, 0.00, 0.00, 31.00, 0.00, 2.97, 12.42, 0.00, 0.00, 0.00, 0.00, 31.00, 31.00, 0, 0.00, 0, 0, 0, 1, 0, CONVERT(datetime, '2026-06-16T08:26:02.870', 126));
INSERT INTO [dbo].[PAY2_ATTENDANCE] ([PER_ID], [EMP_ID], [WORK_DAYS], [DAYS_TOLID], [DAYS_EDARI], [DAYS_KHADAMAT], [DAYS_FOROSH], [OT_NORMAL_H], [OT_HOLIDAY_H], [OT_ADMIN_H], [LEAVE_DAYS], [ABSENT_DAYS], [MISSION_DAYS], [DAYS], [DAYSB], [FRID_COUNT], [TDAYS], [PERF_AMOUNT], [TRANSP_AMOUNT], [KASR_OTHER], [SOURCE], [LOCKED], [CREATED_AT])
VALUES (7, 9, 31.00, 31.00, 0.00, 0.00, 0.00, 32.00, 20.00, 0.00, 0.00, 0.00, 0.00, 31.00, 31.00, 0, 0.00, 0, 0, 0, 1, 0, CONVERT(datetime, '2026-06-09T15:08:18.100', 126));
INSERT INTO [dbo].[PAY2_ATTENDANCE] ([PER_ID], [EMP_ID], [WORK_DAYS], [DAYS_TOLID], [DAYS_EDARI], [DAYS_KHADAMAT], [DAYS_FOROSH], [OT_NORMAL_H], [OT_HOLIDAY_H], [OT_ADMIN_H], [LEAVE_DAYS], [ABSENT_DAYS], [MISSION_DAYS], [DAYS], [DAYSB], [FRID_COUNT], [TDAYS], [PERF_AMOUNT], [TRANSP_AMOUNT], [KASR_OTHER], [SOURCE], [LOCKED], [CREATED_AT])
VALUES (9, 1, 31.00, 0.00, 31.00, 0.00, 0.00, 0.00, 0.00, 0.00, 0.00, 0.00, 0.00, 31.00, 31.00, 0, 0.00, 0, 0, 0, 1, 0, CONVERT(datetime, '2026-06-23T10:53:11.300', 126));
INSERT INTO [dbo].[PAY2_ATTENDANCE] ([PER_ID], [EMP_ID], [WORK_DAYS], [DAYS_TOLID], [DAYS_EDARI], [DAYS_KHADAMAT], [DAYS_FOROSH], [OT_NORMAL_H], [OT_HOLIDAY_H], [OT_ADMIN_H], [LEAVE_DAYS], [ABSENT_DAYS], [MISSION_DAYS], [DAYS], [DAYSB], [FRID_COUNT], [TDAYS], [PERF_AMOUNT], [TRANSP_AMOUNT], [KASR_OTHER], [SOURCE], [LOCKED], [CREATED_AT])
VALUES (9, 2, 31.00, 0.00, 31.00, 0.00, 0.00, 9.75, 5.20, 0.00, 6.00, 0.00, 0.00, 31.00, 31.00, 0, 0.00, 0, 0, 0, 1, 0, CONVERT(datetime, '2026-06-23T10:53:11.300', 126));
INSERT INTO [dbo].[PAY2_ATTENDANCE] ([PER_ID], [EMP_ID], [WORK_DAYS], [DAYS_TOLID], [DAYS_EDARI], [DAYS_KHADAMAT], [DAYS_FOROSH], [OT_NORMAL_H], [OT_HOLIDAY_H], [OT_ADMIN_H], [LEAVE_DAYS], [ABSENT_DAYS], [MISSION_DAYS], [DAYS], [DAYSB], [FRID_COUNT], [TDAYS], [PERF_AMOUNT], [TRANSP_AMOUNT], [KASR_OTHER], [SOURCE], [LOCKED], [CREATED_AT])
VALUES (9, 3, 31.00, 0.00, 31.00, 0.00, 0.00, 0.00, 0.00, 0.00, 0.00, 0.00, 0.00, 31.00, 31.00, 0, 0.00, 0, 0, 0, 1, 0, CONVERT(datetime, '2026-06-23T10:53:11.300', 126));
INSERT INTO [dbo].[PAY2_ATTENDANCE] ([PER_ID], [EMP_ID], [WORK_DAYS], [DAYS_TOLID], [DAYS_EDARI], [DAYS_KHADAMAT], [DAYS_FOROSH], [OT_NORMAL_H], [OT_HOLIDAY_H], [OT_ADMIN_H], [LEAVE_DAYS], [ABSENT_DAYS], [MISSION_DAYS], [DAYS], [DAYSB], [FRID_COUNT], [TDAYS], [PERF_AMOUNT], [TRANSP_AMOUNT], [KASR_OTHER], [SOURCE], [LOCKED], [CREATED_AT])
VALUES (9, 4, 31.00, 0.00, 0.00, 0.00, 31.00, 0.00, 0.00, 0.00, 0.00, 0.00, 0.00, 31.00, 0.00, 0, 0.00, 0, 0, 0, 1, 0, CONVERT(datetime, '2026-06-23T10:53:11.300', 126));
INSERT INTO [dbo].[PAY2_ATTENDANCE] ([PER_ID], [EMP_ID], [WORK_DAYS], [DAYS_TOLID], [DAYS_EDARI], [DAYS_KHADAMAT], [DAYS_FOROSH], [OT_NORMAL_H], [OT_HOLIDAY_H], [OT_ADMIN_H], [LEAVE_DAYS], [ABSENT_DAYS], [MISSION_DAYS], [DAYS], [DAYSB], [FRID_COUNT], [TDAYS], [PERF_AMOUNT], [TRANSP_AMOUNT], [KASR_OTHER], [SOURCE], [LOCKED], [CREATED_AT])
VALUES (9, 5, 31.00, 31.00, 0.00, 0.00, 0.00, 13.60, 49.80, 0.00, 0.00, 0.00, 0.00, 31.00, 31.00, 0, 0.00, 0, 0, 0, 1, 0, CONVERT(datetime, '2026-06-23T10:53:11.300', 126));
INSERT INTO [dbo].[PAY2_ATTENDANCE] ([PER_ID], [EMP_ID], [WORK_DAYS], [DAYS_TOLID], [DAYS_EDARI], [DAYS_KHADAMAT], [DAYS_FOROSH], [OT_NORMAL_H], [OT_HOLIDAY_H], [OT_ADMIN_H], [LEAVE_DAYS], [ABSENT_DAYS], [MISSION_DAYS], [DAYS], [DAYSB], [FRID_COUNT], [TDAYS], [PERF_AMOUNT], [TRANSP_AMOUNT], [KASR_OTHER], [SOURCE], [LOCKED], [CREATED_AT])
VALUES (9, 6, 31.00, 0.00, 0.00, 0.00, 31.00, 0.00, 0.00, 0.00, 0.00, 0.00, 0.00, 31.00, 31.00, 0, 0.00, 0, 0, 0, 1, 0, CONVERT(datetime, '2026-06-23T10:53:11.300', 126));
INSERT INTO [dbo].[PAY2_ATTENDANCE] ([PER_ID], [EMP_ID], [WORK_DAYS], [DAYS_TOLID], [DAYS_EDARI], [DAYS_KHADAMAT], [DAYS_FOROSH], [OT_NORMAL_H], [OT_HOLIDAY_H], [OT_ADMIN_H], [LEAVE_DAYS], [ABSENT_DAYS], [MISSION_DAYS], [DAYS], [DAYSB], [FRID_COUNT], [TDAYS], [PERF_AMOUNT], [TRANSP_AMOUNT], [KASR_OTHER], [SOURCE], [LOCKED], [CREATED_AT])
VALUES (9, 7, 31.00, 0.00, 0.00, 31.00, 0.00, 0.00, 0.00, 0.00, 1.00, 0.00, 0.00, 31.00, 31.00, 0, 0.00, 0, 0, 0, 1, 0, CONVERT(datetime, '2026-06-23T10:53:11.300', 126));
INSERT INTO [dbo].[PAY2_ATTENDANCE] ([PER_ID], [EMP_ID], [WORK_DAYS], [DAYS_TOLID], [DAYS_EDARI], [DAYS_KHADAMAT], [DAYS_FOROSH], [OT_NORMAL_H], [OT_HOLIDAY_H], [OT_ADMIN_H], [LEAVE_DAYS], [ABSENT_DAYS], [MISSION_DAYS], [DAYS], [DAYSB], [FRID_COUNT], [TDAYS], [PERF_AMOUNT], [TRANSP_AMOUNT], [KASR_OTHER], [SOURCE], [LOCKED], [CREATED_AT])
VALUES (9, 8, 31.00, 0.00, 0.00, 31.00, 0.00, 22.33, 10.15, 0.00, 0.00, 0.00, 0.00, 31.00, 31.00, 0, 0.00, 0, 0, 0, 1, 0, CONVERT(datetime, '2026-06-23T10:53:11.300', 126));
INSERT INTO [dbo].[PAY2_ATTENDANCE] ([PER_ID], [EMP_ID], [WORK_DAYS], [DAYS_TOLID], [DAYS_EDARI], [DAYS_KHADAMAT], [DAYS_FOROSH], [OT_NORMAL_H], [OT_HOLIDAY_H], [OT_ADMIN_H], [LEAVE_DAYS], [ABSENT_DAYS], [MISSION_DAYS], [DAYS], [DAYSB], [FRID_COUNT], [TDAYS], [PERF_AMOUNT], [TRANSP_AMOUNT], [KASR_OTHER], [SOURCE], [LOCKED], [CREATED_AT])
VALUES (9, 9, 31.00, 31.00, 0.00, 0.00, 0.00, 6.05, 57.20, 0.00, 0.00, 0.00, 0.00, 31.00, 31.00, 0, 0.00, 0, 0, 0, 1, 0, CONVERT(datetime, '2026-06-23T10:53:11.300', 126));
INSERT INTO [dbo].[PAY2_ATTENDANCE] ([PER_ID], [EMP_ID], [WORK_DAYS], [DAYS_TOLID], [DAYS_EDARI], [DAYS_KHADAMAT], [DAYS_FOROSH], [OT_NORMAL_H], [OT_HOLIDAY_H], [OT_ADMIN_H], [LEAVE_DAYS], [ABSENT_DAYS], [MISSION_DAYS], [DAYS], [DAYSB], [FRID_COUNT], [TDAYS], [PERF_AMOUNT], [TRANSP_AMOUNT], [KASR_OTHER], [SOURCE], [LOCKED], [CREATED_AT])
VALUES (9, 10, 31.00, 31.00, 0.00, 0.00, 0.00, 29.13, 56.77, 0.00, 0.00, 0.00, 0.00, 31.00, 31.00, 0, 0.00, 0, 0, 0, 1, 0, CONVERT(datetime, '2026-06-23T10:53:11.300', 126));
INSERT INTO [dbo].[PAY2_ATTENDANCE] ([PER_ID], [EMP_ID], [WORK_DAYS], [DAYS_TOLID], [DAYS_EDARI], [DAYS_KHADAMAT], [DAYS_FOROSH], [OT_NORMAL_H], [OT_HOLIDAY_H], [OT_ADMIN_H], [LEAVE_DAYS], [ABSENT_DAYS], [MISSION_DAYS], [DAYS], [DAYSB], [FRID_COUNT], [TDAYS], [PERF_AMOUNT], [TRANSP_AMOUNT], [KASR_OTHER], [SOURCE], [LOCKED], [CREATED_AT])
VALUES (9, 11, 31.00, 31.00, 0.00, 0.00, 0.00, 36.05, 46.05, 0.00, 0.00, 0.00, 0.00, 31.00, 31.00, 0, 0.00, 0, 0, 0, 1, 0, CONVERT(datetime, '2026-06-23T10:53:11.300', 126));
INSERT INTO [dbo].[PAY2_ATTENDANCE] ([PER_ID], [EMP_ID], [WORK_DAYS], [DAYS_TOLID], [DAYS_EDARI], [DAYS_KHADAMAT], [DAYS_FOROSH], [OT_NORMAL_H], [OT_HOLIDAY_H], [OT_ADMIN_H], [LEAVE_DAYS], [ABSENT_DAYS], [MISSION_DAYS], [DAYS], [DAYSB], [FRID_COUNT], [TDAYS], [PERF_AMOUNT], [TRANSP_AMOUNT], [KASR_OTHER], [SOURCE], [LOCKED], [CREATED_AT])
VALUES (9, 12, 31.00, 31.00, 0.00, 0.00, 0.00, 25.37, 52.58, 0.00, 10.00, 0.00, 0.00, 31.00, 31.00, 0, 0.00, 0, 0, 0, 1, 0, CONVERT(datetime, '2026-06-23T10:53:11.300', 126));
INSERT INTO [dbo].[PAY2_ATTENDANCE] ([PER_ID], [EMP_ID], [WORK_DAYS], [DAYS_TOLID], [DAYS_EDARI], [DAYS_KHADAMAT], [DAYS_FOROSH], [OT_NORMAL_H], [OT_HOLIDAY_H], [OT_ADMIN_H], [LEAVE_DAYS], [ABSENT_DAYS], [MISSION_DAYS], [DAYS], [DAYSB], [FRID_COUNT], [TDAYS], [PERF_AMOUNT], [TRANSP_AMOUNT], [KASR_OTHER], [SOURCE], [LOCKED], [CREATED_AT])
VALUES (9, 13, 31.00, 0.00, 0.00, 31.00, 0.00, 33.07, 54.70, 0.00, 0.00, 0.00, 0.00, 31.00, 31.00, 0, 0.00, 0, 0, 0, 1, 0, CONVERT(datetime, '2026-06-23T10:53:11.300', 126));
INSERT INTO [dbo].[PAY2_ATTENDANCE] ([PER_ID], [EMP_ID], [WORK_DAYS], [DAYS_TOLID], [DAYS_EDARI], [DAYS_KHADAMAT], [DAYS_FOROSH], [OT_NORMAL_H], [OT_HOLIDAY_H], [OT_ADMIN_H], [LEAVE_DAYS], [ABSENT_DAYS], [MISSION_DAYS], [DAYS], [DAYSB], [FRID_COUNT], [TDAYS], [PERF_AMOUNT], [TRANSP_AMOUNT], [KASR_OTHER], [SOURCE], [LOCKED], [CREATED_AT])
VALUES (9, 14, 31.00, 31.00, 0.00, 0.00, 0.00, 30.55, 50.73, 0.00, 4.00, 0.00, 0.00, 31.00, 31.00, 0, 0.00, 0, 0, 0, 1, 0, CONVERT(datetime, '2026-06-23T10:53:11.300', 126));
INSERT INTO [dbo].[PAY2_ATTENDANCE] ([PER_ID], [EMP_ID], [WORK_DAYS], [DAYS_TOLID], [DAYS_EDARI], [DAYS_KHADAMAT], [DAYS_FOROSH], [OT_NORMAL_H], [OT_HOLIDAY_H], [OT_ADMIN_H], [LEAVE_DAYS], [ABSENT_DAYS], [MISSION_DAYS], [DAYS], [DAYSB], [FRID_COUNT], [TDAYS], [PERF_AMOUNT], [TRANSP_AMOUNT], [KASR_OTHER], [SOURCE], [LOCKED], [CREATED_AT])
VALUES (9, 15, 31.00, 31.00, 0.00, 0.00, 0.00, 24.53, 28.22, 0.00, 0.00, 0.00, 0.00, 31.00, 31.00, 0, 0.00, 0, 0, 0, 1, 0, CONVERT(datetime, '2026-06-23T10:53:11.300', 126));
INSERT INTO [dbo].[PAY2_ATTENDANCE] ([PER_ID], [EMP_ID], [WORK_DAYS], [DAYS_TOLID], [DAYS_EDARI], [DAYS_KHADAMAT], [DAYS_FOROSH], [OT_NORMAL_H], [OT_HOLIDAY_H], [OT_ADMIN_H], [LEAVE_DAYS], [ABSENT_DAYS], [MISSION_DAYS], [DAYS], [DAYSB], [FRID_COUNT], [TDAYS], [PERF_AMOUNT], [TRANSP_AMOUNT], [KASR_OTHER], [SOURCE], [LOCKED], [CREATED_AT])
VALUES (9, 16, 31.00, 0.00, 31.00, 0.00, 0.00, 0.00, 0.00, 0.00, 0.00, 0.00, 0.00, 0.00, 1.00, 0, 0.00, 0, 0, 0, 1, 0, CONVERT(datetime, '2026-07-01T16:17:08.697', 126));
GO

-- PAY2_DECREE: 18 row(s)
SET IDENTITY_INSERT [dbo].[PAY2_DECREE] ON;
INSERT INTO [dbo].[PAY2_DECREE] ([DEC_ID], [EMP_ID], [WS_ID], [ISSUED_DATE], [EFF_FROM], [EDU_LEVEL], [MARITAL], [IS_MANAGER], [TMPL_ID], [IS_CONFIRMED], [CREATED_AT], [CREATED_BY], [EFF_TO])
VALUES (2, 1, 1, 14050101, 14050101, 6, 1, 0, 1, 1, CONVERT(datetime, '2026-06-09T08:32:44.410', 126), 51, NULL);
INSERT INTO [dbo].[PAY2_DECREE] ([DEC_ID], [EMP_ID], [WS_ID], [ISSUED_DATE], [EFF_FROM], [EDU_LEVEL], [MARITAL], [IS_MANAGER], [TMPL_ID], [IS_CONFIRMED], [CREATED_AT], [CREATED_BY], [EFF_TO])
VALUES (8, 3, 1, 14050101, 14050101, 2, 2, 0, 1, 1, CONVERT(datetime, '2026-06-09T13:44:29.790', 126), 112, NULL);
INSERT INTO [dbo].[PAY2_DECREE] ([DEC_ID], [EMP_ID], [WS_ID], [ISSUED_DATE], [EFF_FROM], [EDU_LEVEL], [MARITAL], [IS_MANAGER], [TMPL_ID], [IS_CONFIRMED], [CREATED_AT], [CREATED_BY], [EFF_TO])
VALUES (9, 4, 1, 14050101, 14050101, 2, 2, 0, 1, 1, CONVERT(datetime, '2026-06-09T13:51:17.230', 126), 112, NULL);
INSERT INTO [dbo].[PAY2_DECREE] ([DEC_ID], [EMP_ID], [WS_ID], [ISSUED_DATE], [EFF_FROM], [EDU_LEVEL], [MARITAL], [IS_MANAGER], [TMPL_ID], [IS_CONFIRMED], [CREATED_AT], [CREATED_BY], [EFF_TO])
VALUES (10, 5, 1, 14050101, 14050101, 1, 2, 0, 1, 1, CONVERT(datetime, '2026-06-09T14:04:17.370', 126), 112, NULL);
INSERT INTO [dbo].[PAY2_DECREE] ([DEC_ID], [EMP_ID], [WS_ID], [ISSUED_DATE], [EFF_FROM], [EDU_LEVEL], [MARITAL], [IS_MANAGER], [TMPL_ID], [IS_CONFIRMED], [CREATED_AT], [CREATED_BY], [EFF_TO])
VALUES (11, 6, 1, 14050101, 14050101, 4, 1, 0, 1, 1, CONVERT(datetime, '2026-06-09T14:09:04.130', 126), 112, 14050401);
INSERT INTO [dbo].[PAY2_DECREE] ([DEC_ID], [EMP_ID], [WS_ID], [ISSUED_DATE], [EFF_FROM], [EDU_LEVEL], [MARITAL], [IS_MANAGER], [TMPL_ID], [IS_CONFIRMED], [CREATED_AT], [CREATED_BY], [EFF_TO])
VALUES (12, 7, 1, 14050101, 14050101, 1, 1, 0, 1, 1, CONVERT(datetime, '2026-06-09T14:14:33.803', 126), 112, NULL);
INSERT INTO [dbo].[PAY2_DECREE] ([DEC_ID], [EMP_ID], [WS_ID], [ISSUED_DATE], [EFF_FROM], [EDU_LEVEL], [MARITAL], [IS_MANAGER], [TMPL_ID], [IS_CONFIRMED], [CREATED_AT], [CREATED_BY], [EFF_TO])
VALUES (14, 9, 1, 14050101, 14050101, 1, 1, 0, 1, 1, CONVERT(datetime, '2026-06-09T14:25:04.157', 126), 112, NULL);
INSERT INTO [dbo].[PAY2_DECREE] ([DEC_ID], [EMP_ID], [WS_ID], [ISSUED_DATE], [EFF_FROM], [EDU_LEVEL], [MARITAL], [IS_MANAGER], [TMPL_ID], [IS_CONFIRMED], [CREATED_AT], [CREATED_BY], [EFF_TO])
VALUES (15, 10, 1, 14050101, 14050101, 1, 1, 0, 1, 1, CONVERT(datetime, '2026-06-09T14:30:03.407', 126), 112, NULL);
INSERT INTO [dbo].[PAY2_DECREE] ([DEC_ID], [EMP_ID], [WS_ID], [ISSUED_DATE], [EFF_FROM], [EDU_LEVEL], [MARITAL], [IS_MANAGER], [TMPL_ID], [IS_CONFIRMED], [CREATED_AT], [CREATED_BY], [EFF_TO])
VALUES (16, 11, 1, 14050101, 14050101, 1, 1, 0, 1, 1, CONVERT(datetime, '2026-06-09T14:35:18.250', 126), 112, NULL);
INSERT INTO [dbo].[PAY2_DECREE] ([DEC_ID], [EMP_ID], [WS_ID], [ISSUED_DATE], [EFF_FROM], [EDU_LEVEL], [MARITAL], [IS_MANAGER], [TMPL_ID], [IS_CONFIRMED], [CREATED_AT], [CREATED_BY], [EFF_TO])
VALUES (17, 12, 1, 14050101, 14050101, 1, 1, 0, 1, 1, CONVERT(datetime, '2026-06-09T14:39:10.373', 126), 112, NULL);
INSERT INTO [dbo].[PAY2_DECREE] ([DEC_ID], [EMP_ID], [WS_ID], [ISSUED_DATE], [EFF_FROM], [EDU_LEVEL], [MARITAL], [IS_MANAGER], [TMPL_ID], [IS_CONFIRMED], [CREATED_AT], [CREATED_BY], [EFF_TO])
VALUES (18, 13, 1, 14050101, 14050101, 1, 1, 0, 1, 1, CONVERT(datetime, '2026-06-09T14:42:56.670', 126), 112, NULL);
INSERT INTO [dbo].[PAY2_DECREE] ([DEC_ID], [EMP_ID], [WS_ID], [ISSUED_DATE], [EFF_FROM], [EDU_LEVEL], [MARITAL], [IS_MANAGER], [TMPL_ID], [IS_CONFIRMED], [CREATED_AT], [CREATED_BY], [EFF_TO])
VALUES (19, 14, 1, 14050101, 14050101, 1, 1, 0, NULL, 1, CONVERT(datetime, '2026-06-09T14:46:58.047', 126), 112, 14050331);
INSERT INTO [dbo].[PAY2_DECREE] ([DEC_ID], [EMP_ID], [WS_ID], [ISSUED_DATE], [EFF_FROM], [EDU_LEVEL], [MARITAL], [IS_MANAGER], [TMPL_ID], [IS_CONFIRMED], [CREATED_AT], [CREATED_BY], [EFF_TO])
VALUES (20, 15, 1, 14050101, 14050101, 2, 1, 0, 1, 1, CONVERT(datetime, '2026-06-09T14:50:49.527', 126), 112, NULL);
INSERT INTO [dbo].[PAY2_DECREE] ([DEC_ID], [EMP_ID], [WS_ID], [ISSUED_DATE], [EFF_FROM], [EDU_LEVEL], [MARITAL], [IS_MANAGER], [TMPL_ID], [IS_CONFIRMED], [CREATED_AT], [CREATED_BY], [EFF_TO])
VALUES (23, 2, 1, 14050101, 14050101, 2, 2, 0, NULL, 1, CONVERT(datetime, '2026-06-16T07:40:52.540', 126), 112, NULL);
INSERT INTO [dbo].[PAY2_DECREE] ([DEC_ID], [EMP_ID], [WS_ID], [ISSUED_DATE], [EFF_FROM], [EDU_LEVEL], [MARITAL], [IS_MANAGER], [TMPL_ID], [IS_CONFIRMED], [CREATED_AT], [CREATED_BY], [EFF_TO])
VALUES (26, 8, 1, 14050101, 14050101, 4, 1, 0, 2, 1, CONVERT(datetime, '2026-06-17T07:31:40.860', 126), 112, 14050331);
INSERT INTO [dbo].[PAY2_DECREE] ([DEC_ID], [EMP_ID], [WS_ID], [ISSUED_DATE], [EFF_FROM], [EDU_LEVEL], [MARITAL], [IS_MANAGER], [TMPL_ID], [IS_CONFIRMED], [CREATED_AT], [CREATED_BY], [EFF_TO])
VALUES (31, 14, 1, 14050401, 14050401, 2, 1, 0, 1, 1, CONVERT(datetime, '2026-06-28T15:49:44.227', 126), 112, NULL);
INSERT INTO [dbo].[PAY2_DECREE] ([DEC_ID], [EMP_ID], [WS_ID], [ISSUED_DATE], [EFF_FROM], [EDU_LEVEL], [MARITAL], [IS_MANAGER], [TMPL_ID], [IS_CONFIRMED], [CREATED_AT], [CREATED_BY], [EFF_TO])
VALUES (32, 16, 1, 14050301, 14050301, 3, 1, 0, 1, 1, CONVERT(datetime, '2026-06-29T12:48:44.113', 126), 112, NULL);
INSERT INTO [dbo].[PAY2_DECREE] ([DEC_ID], [EMP_ID], [WS_ID], [ISSUED_DATE], [EFF_FROM], [EDU_LEVEL], [MARITAL], [IS_MANAGER], [TMPL_ID], [IS_CONFIRMED], [CREATED_AT], [CREATED_BY], [EFF_TO])
VALUES (34, 8, 1, 14050401, 14050401, 4, 1, 0, 2, 0, CONVERT(datetime, '2026-07-04T11:40:40.643', 126), 51, NULL);
SET IDENTITY_INSERT [dbo].[PAY2_DECREE] OFF;
GO

-- PAY2_DECREE_LINE: 124 row(s)
INSERT INTO [dbo].[PAY2_DECREE_LINE] ([DEC_ID], [ITEM_ID], [AMOUNT], [INS_OV], [TAX_OV], [BASIS_OV])
VALUES (2, 1, 8540773.00, NULL, NULL, NULL);
INSERT INTO [dbo].[PAY2_DECREE_LINE] ([DEC_ID], [ITEM_ID], [AMOUNT], [INS_OV], [TAX_OV], [BASIS_OV])
VALUES (2, 2, 8540773.00, 1, 1, 1);
INSERT INTO [dbo].[PAY2_DECREE_LINE] ([DEC_ID], [ITEM_ID], [AMOUNT], [INS_OV], [TAX_OV], [BASIS_OV])
VALUES (2, 3, 30000000.00, 1, 1, 2);
INSERT INTO [dbo].[PAY2_DECREE_LINE] ([DEC_ID], [ITEM_ID], [AMOUNT], [INS_OV], [TAX_OV], [BASIS_OV])
VALUES (2, 5, 5000000.00, 1, 1, 2);
INSERT INTO [dbo].[PAY2_DECREE_LINE] ([DEC_ID], [ITEM_ID], [AMOUNT], [INS_OV], [TAX_OV], [BASIS_OV])
VALUES (2, 7, 22000000.00, 1, 1, 2);
INSERT INTO [dbo].[PAY2_DECREE_LINE] ([DEC_ID], [ITEM_ID], [AMOUNT], [INS_OV], [TAX_OV], [BASIS_OV])
VALUES (8, 1, 6142254.00, 0, 0, 1);
INSERT INTO [dbo].[PAY2_DECREE_LINE] ([DEC_ID], [ITEM_ID], [AMOUNT], [INS_OV], [TAX_OV], [BASIS_OV])
VALUES (8, 2, 6142254.00, 1, 1, 1);
INSERT INTO [dbo].[PAY2_DECREE_LINE] ([DEC_ID], [ITEM_ID], [AMOUNT], [INS_OV], [TAX_OV], [BASIS_OV])
VALUES (8, 3, 30000000.00, 1, 1, 2);
INSERT INTO [dbo].[PAY2_DECREE_LINE] ([DEC_ID], [ITEM_ID], [AMOUNT], [INS_OV], [TAX_OV], [BASIS_OV])
VALUES (8, 4, 0.00, NULL, NULL, NULL);
INSERT INTO [dbo].[PAY2_DECREE_LINE] ([DEC_ID], [ITEM_ID], [AMOUNT], [INS_OV], [TAX_OV], [BASIS_OV])
VALUES (8, 6, 0.00, NULL, NULL, NULL);
INSERT INTO [dbo].[PAY2_DECREE_LINE] ([DEC_ID], [ITEM_ID], [AMOUNT], [INS_OV], [TAX_OV], [BASIS_OV])
VALUES (8, 7, 22000000.00, 1, 1, 2);
INSERT INTO [dbo].[PAY2_DECREE_LINE] ([DEC_ID], [ITEM_ID], [AMOUNT], [INS_OV], [TAX_OV], [BASIS_OV])
VALUES (8, 12, 1173145.00, 0, 0, 3);
INSERT INTO [dbo].[PAY2_DECREE_LINE] ([DEC_ID], [ITEM_ID], [AMOUNT], [INS_OV], [TAX_OV], [BASIS_OV])
VALUES (8, 13, 1508330.00, 0, 0, 3);
INSERT INTO [dbo].[PAY2_DECREE_LINE] ([DEC_ID], [ITEM_ID], [AMOUNT], [INS_OV], [TAX_OV], [BASIS_OV])
VALUES (9, 2, 5844819.00, 1, 1, 1);
INSERT INTO [dbo].[PAY2_DECREE_LINE] ([DEC_ID], [ITEM_ID], [AMOUNT], [INS_OV], [TAX_OV], [BASIS_OV])
VALUES (9, 3, 30000000.00, 1, 1, 2);
INSERT INTO [dbo].[PAY2_DECREE_LINE] ([DEC_ID], [ITEM_ID], [AMOUNT], [INS_OV], [TAX_OV], [BASIS_OV])
VALUES (9, 7, 22000000.00, 1, 1, 2);
INSERT INTO [dbo].[PAY2_DECREE_LINE] ([DEC_ID], [ITEM_ID], [AMOUNT], [INS_OV], [TAX_OV], [BASIS_OV])
VALUES (10, 1, 5541850.00, 0, 0, 1);
INSERT INTO [dbo].[PAY2_DECREE_LINE] ([DEC_ID], [ITEM_ID], [AMOUNT], [INS_OV], [TAX_OV], [BASIS_OV])
VALUES (10, 2, 5541850.00, 1, 1, 1);
INSERT INTO [dbo].[PAY2_DECREE_LINE] ([DEC_ID], [ITEM_ID], [AMOUNT], [INS_OV], [TAX_OV], [BASIS_OV])
VALUES (10, 3, 30000000.00, 1, 1, 2);
INSERT INTO [dbo].[PAY2_DECREE_LINE] ([DEC_ID], [ITEM_ID], [AMOUNT], [INS_OV], [TAX_OV], [BASIS_OV])
VALUES (10, 4, 0.00, NULL, NULL, NULL);
INSERT INTO [dbo].[PAY2_DECREE_LINE] ([DEC_ID], [ITEM_ID], [AMOUNT], [INS_OV], [TAX_OV], [BASIS_OV])
VALUES (10, 6, 0.00, NULL, NULL, NULL);
INSERT INTO [dbo].[PAY2_DECREE_LINE] ([DEC_ID], [ITEM_ID], [AMOUNT], [INS_OV], [TAX_OV], [BASIS_OV])
VALUES (10, 7, 22000000.00, 1, 1, 2);
INSERT INTO [dbo].[PAY2_DECREE_LINE] ([DEC_ID], [ITEM_ID], [AMOUNT], [INS_OV], [TAX_OV], [BASIS_OV])
VALUES (10, 12, 1058471.00, 0, 0, 3);
INSERT INTO [dbo].[PAY2_DECREE_LINE] ([DEC_ID], [ITEM_ID], [AMOUNT], [INS_OV], [TAX_OV], [BASIS_OV])
VALUES (10, 13, 1360891.00, 0, 0, 3);
INSERT INTO [dbo].[PAY2_DECREE_LINE] ([DEC_ID], [ITEM_ID], [AMOUNT], [INS_OV], [TAX_OV], [BASIS_OV])
VALUES (11, 1, 8540773.00, 0, 0, 1);
INSERT INTO [dbo].[PAY2_DECREE_LINE] ([DEC_ID], [ITEM_ID], [AMOUNT], [INS_OV], [TAX_OV], [BASIS_OV])
VALUES (11, 2, 8540773.00, 1, 1, 1);
INSERT INTO [dbo].[PAY2_DECREE_LINE] ([DEC_ID], [ITEM_ID], [AMOUNT], [INS_OV], [TAX_OV], [BASIS_OV])
VALUES (11, 3, 30000000.00, 1, 1, 2);
INSERT INTO [dbo].[PAY2_DECREE_LINE] ([DEC_ID], [ITEM_ID], [AMOUNT], [INS_OV], [TAX_OV], [BASIS_OV])
VALUES (11, 4, 0.00, NULL, NULL, NULL);
INSERT INTO [dbo].[PAY2_DECREE_LINE] ([DEC_ID], [ITEM_ID], [AMOUNT], [INS_OV], [TAX_OV], [BASIS_OV])
VALUES (11, 5, 5000000.00, 1, 1, 2);
INSERT INTO [dbo].[PAY2_DECREE_LINE] ([DEC_ID], [ITEM_ID], [AMOUNT], [INS_OV], [TAX_OV], [BASIS_OV])
VALUES (11, 6, 0.00, NULL, NULL, NULL);
INSERT INTO [dbo].[PAY2_DECREE_LINE] ([DEC_ID], [ITEM_ID], [AMOUNT], [INS_OV], [TAX_OV], [BASIS_OV])
VALUES (11, 7, 22000000.00, 1, 1, 2);
INSERT INTO [dbo].[PAY2_DECREE_LINE] ([DEC_ID], [ITEM_ID], [AMOUNT], [INS_OV], [TAX_OV], [BASIS_OV])
VALUES (11, 12, 1631253.00, 0, 0, 3);
INSERT INTO [dbo].[PAY2_DECREE_LINE] ([DEC_ID], [ITEM_ID], [AMOUNT], [INS_OV], [TAX_OV], [BASIS_OV])
VALUES (11, 13, 2097325.00, 0, 0, 3);
INSERT INTO [dbo].[PAY2_DECREE_LINE] ([DEC_ID], [ITEM_ID], [AMOUNT], [INS_OV], [TAX_OV], [BASIS_OV])
VALUES (12, 1, 10604500.00, 0, 0, 1);
INSERT INTO [dbo].[PAY2_DECREE_LINE] ([DEC_ID], [ITEM_ID], [AMOUNT], [INS_OV], [TAX_OV], [BASIS_OV])
VALUES (12, 2, 10604500.00, 1, 1, 1);
INSERT INTO [dbo].[PAY2_DECREE_LINE] ([DEC_ID], [ITEM_ID], [AMOUNT], [INS_OV], [TAX_OV], [BASIS_OV])
VALUES (12, 3, 50000000.00, 1, 1, 2);
INSERT INTO [dbo].[PAY2_DECREE_LINE] ([DEC_ID], [ITEM_ID], [AMOUNT], [INS_OV], [TAX_OV], [BASIS_OV])
VALUES (12, 5, 5000000.00, 1, 1, 2);
INSERT INTO [dbo].[PAY2_DECREE_LINE] ([DEC_ID], [ITEM_ID], [AMOUNT], [INS_OV], [TAX_OV], [BASIS_OV])
VALUES (12, 7, 22000000.00, 1, 1, 2);
INSERT INTO [dbo].[PAY2_DECREE_LINE] ([DEC_ID], [ITEM_ID], [AMOUNT], [INS_OV], [TAX_OV], [BASIS_OV])
VALUES (12, 12, 2025416.00, 0, 0, 3);
INSERT INTO [dbo].[PAY2_DECREE_LINE] ([DEC_ID], [ITEM_ID], [AMOUNT], [INS_OV], [TAX_OV], [BASIS_OV])
VALUES (12, 13, 2604106.00, 0, 0, 3);
INSERT INTO [dbo].[PAY2_DECREE_LINE] ([DEC_ID], [ITEM_ID], [AMOUNT], [INS_OV], [TAX_OV], [BASIS_OV])
VALUES (14, 1, 7610665.00, 0, 0, 1);
INSERT INTO [dbo].[PAY2_DECREE_LINE] ([DEC_ID], [ITEM_ID], [AMOUNT], [INS_OV], [TAX_OV], [BASIS_OV])
VALUES (14, 2, 8610665.00, 1, 1, 1);
INSERT INTO [dbo].[PAY2_DECREE_LINE] ([DEC_ID], [ITEM_ID], [AMOUNT], [INS_OV], [TAX_OV], [BASIS_OV])
VALUES (14, 3, 30000000.00, 1, 1, 2);
INSERT INTO [dbo].[PAY2_DECREE_LINE] ([DEC_ID], [ITEM_ID], [AMOUNT], [INS_OV], [TAX_OV], [BASIS_OV])
VALUES (14, 4, 33251100.00, 0, 1, 2);
INSERT INTO [dbo].[PAY2_DECREE_LINE] ([DEC_ID], [ITEM_ID], [AMOUNT], [INS_OV], [TAX_OV], [BASIS_OV])
VALUES (14, 5, 5000000.00, 1, 1, 2);
INSERT INTO [dbo].[PAY2_DECREE_LINE] ([DEC_ID], [ITEM_ID], [AMOUNT], [INS_OV], [TAX_OV], [BASIS_OV])
VALUES (14, 7, 22000000.00, 1, 1, 2);
INSERT INTO [dbo].[PAY2_DECREE_LINE] ([DEC_ID], [ITEM_ID], [AMOUNT], [INS_OV], [TAX_OV], [BASIS_OV])
VALUES (14, 10, 22.50, 0, 0, 2);
INSERT INTO [dbo].[PAY2_DECREE_LINE] ([DEC_ID], [ITEM_ID], [AMOUNT], [INS_OV], [TAX_OV], [BASIS_OV])
VALUES (14, 12, 1453606.00, 0, 0, 3);
INSERT INTO [dbo].[PAY2_DECREE_LINE] ([DEC_ID], [ITEM_ID], [AMOUNT], [INS_OV], [TAX_OV], [BASIS_OV])
VALUES (14, 13, 1868922.00, 0, 0, 3);
INSERT INTO [dbo].[PAY2_DECREE_LINE] ([DEC_ID], [ITEM_ID], [AMOUNT], [INS_OV], [TAX_OV], [BASIS_OV])
VALUES (15, 1, 6926114.00, 0, 0, 1);
INSERT INTO [dbo].[PAY2_DECREE_LINE] ([DEC_ID], [ITEM_ID], [AMOUNT], [INS_OV], [TAX_OV], [BASIS_OV])
VALUES (15, 2, 6926114.00, 1, 1, 1);
INSERT INTO [dbo].[PAY2_DECREE_LINE] ([DEC_ID], [ITEM_ID], [AMOUNT], [INS_OV], [TAX_OV], [BASIS_OV])
VALUES (15, 3, 30000000.00, 1, 1, 2);
INSERT INTO [dbo].[PAY2_DECREE_LINE] ([DEC_ID], [ITEM_ID], [AMOUNT], [INS_OV], [TAX_OV], [BASIS_OV])
VALUES (15, 4, 33251100.00, 0, 1, 2);
INSERT INTO [dbo].[PAY2_DECREE_LINE] ([DEC_ID], [ITEM_ID], [AMOUNT], [INS_OV], [TAX_OV], [BASIS_OV])
VALUES (15, 5, 5000000.00, 1, 1, 2);
INSERT INTO [dbo].[PAY2_DECREE_LINE] ([DEC_ID], [ITEM_ID], [AMOUNT], [INS_OV], [TAX_OV], [BASIS_OV])
VALUES (15, 7, 22000000.00, 1, 1, 2);
INSERT INTO [dbo].[PAY2_DECREE_LINE] ([DEC_ID], [ITEM_ID], [AMOUNT], [INS_OV], [TAX_OV], [BASIS_OV])
VALUES (15, 10, 22.50, 0, 0, 2);
INSERT INTO [dbo].[PAY2_DECREE_LINE] ([DEC_ID], [ITEM_ID], [AMOUNT], [INS_OV], [TAX_OV], [BASIS_OV])
VALUES (15, 12, 1322859.00, 0, 0, 3);
INSERT INTO [dbo].[PAY2_DECREE_LINE] ([DEC_ID], [ITEM_ID], [AMOUNT], [INS_OV], [TAX_OV], [BASIS_OV])
VALUES (15, 13, 1700819.00, 0, 0, 3);
INSERT INTO [dbo].[PAY2_DECREE_LINE] ([DEC_ID], [ITEM_ID], [AMOUNT], [INS_OV], [TAX_OV], [BASIS_OV])
VALUES (16, 1, 6817580.00, 0, 0, 1);
INSERT INTO [dbo].[PAY2_DECREE_LINE] ([DEC_ID], [ITEM_ID], [AMOUNT], [INS_OV], [TAX_OV], [BASIS_OV])
VALUES (16, 2, 6817580.00, 1, 1, 1);
INSERT INTO [dbo].[PAY2_DECREE_LINE] ([DEC_ID], [ITEM_ID], [AMOUNT], [INS_OV], [TAX_OV], [BASIS_OV])
VALUES (16, 3, 30000000.00, 1, 1, 2);
INSERT INTO [dbo].[PAY2_DECREE_LINE] ([DEC_ID], [ITEM_ID], [AMOUNT], [INS_OV], [TAX_OV], [BASIS_OV])
VALUES (16, 4, 66502200.00, 0, 1, 2);
INSERT INTO [dbo].[PAY2_DECREE_LINE] ([DEC_ID], [ITEM_ID], [AMOUNT], [INS_OV], [TAX_OV], [BASIS_OV])
VALUES (16, 5, 5000000.00, 1, 1, 2);
INSERT INTO [dbo].[PAY2_DECREE_LINE] ([DEC_ID], [ITEM_ID], [AMOUNT], [INS_OV], [TAX_OV], [BASIS_OV])
VALUES (16, 7, 22000000.00, 1, 1, 2);
INSERT INTO [dbo].[PAY2_DECREE_LINE] ([DEC_ID], [ITEM_ID], [AMOUNT], [INS_OV], [TAX_OV], [BASIS_OV])
VALUES (16, 10, 22.50, 0, 0, 2);
INSERT INTO [dbo].[PAY2_DECREE_LINE] ([DEC_ID], [ITEM_ID], [AMOUNT], [INS_OV], [TAX_OV], [BASIS_OV])
VALUES (16, 12, 1302130.00, 0, 0, 3);
INSERT INTO [dbo].[PAY2_DECREE_LINE] ([DEC_ID], [ITEM_ID], [AMOUNT], [INS_OV], [TAX_OV], [BASIS_OV])
VALUES (16, 13, 1674167.00, 0, 0, 3);
INSERT INTO [dbo].[PAY2_DECREE_LINE] ([DEC_ID], [ITEM_ID], [AMOUNT], [INS_OV], [TAX_OV], [BASIS_OV])
VALUES (17, 1, 7214854.00, 0, 0, 1);
INSERT INTO [dbo].[PAY2_DECREE_LINE] ([DEC_ID], [ITEM_ID], [AMOUNT], [INS_OV], [TAX_OV], [BASIS_OV])
VALUES (17, 2, 7214854.00, 1, 1, 1);
INSERT INTO [dbo].[PAY2_DECREE_LINE] ([DEC_ID], [ITEM_ID], [AMOUNT], [INS_OV], [TAX_OV], [BASIS_OV])
VALUES (17, 3, 30000000.00, 1, 1, 2);
INSERT INTO [dbo].[PAY2_DECREE_LINE] ([DEC_ID], [ITEM_ID], [AMOUNT], [INS_OV], [TAX_OV], [BASIS_OV])
VALUES (17, 5, 5000000.00, 1, 1, 2);
INSERT INTO [dbo].[PAY2_DECREE_LINE] ([DEC_ID], [ITEM_ID], [AMOUNT], [INS_OV], [TAX_OV], [BASIS_OV])
VALUES (17, 7, 22000000.00, 1, 1, 2);
INSERT INTO [dbo].[PAY2_DECREE_LINE] ([DEC_ID], [ITEM_ID], [AMOUNT], [INS_OV], [TAX_OV], [BASIS_OV])
VALUES (17, 10, 22.50, 0, 0, 2);
INSERT INTO [dbo].[PAY2_DECREE_LINE] ([DEC_ID], [ITEM_ID], [AMOUNT], [INS_OV], [TAX_OV], [BASIS_OV])
VALUES (17, 12, 1378007.00, 0, 0, 3);
INSERT INTO [dbo].[PAY2_DECREE_LINE] ([DEC_ID], [ITEM_ID], [AMOUNT], [INS_OV], [TAX_OV], [BASIS_OV])
VALUES (17, 13, 1771724.00, 0, 0, 3);
INSERT INTO [dbo].[PAY2_DECREE_LINE] ([DEC_ID], [ITEM_ID], [AMOUNT], [INS_OV], [TAX_OV], [BASIS_OV])
VALUES (18, 1, 8514080.00, 0, 0, 1);
INSERT INTO [dbo].[PAY2_DECREE_LINE] ([DEC_ID], [ITEM_ID], [AMOUNT], [INS_OV], [TAX_OV], [BASIS_OV])
VALUES (18, 2, 8514080.00, 1, 1, 1);
INSERT INTO [dbo].[PAY2_DECREE_LINE] ([DEC_ID], [ITEM_ID], [AMOUNT], [INS_OV], [TAX_OV], [BASIS_OV])
VALUES (18, 3, 30000000.00, 1, 1, 2);
INSERT INTO [dbo].[PAY2_DECREE_LINE] ([DEC_ID], [ITEM_ID], [AMOUNT], [INS_OV], [TAX_OV], [BASIS_OV])
VALUES (18, 4, 16625550.00, 0, 1, 2);
INSERT INTO [dbo].[PAY2_DECREE_LINE] ([DEC_ID], [ITEM_ID], [AMOUNT], [INS_OV], [TAX_OV], [BASIS_OV])
VALUES (18, 5, 5000000.00, 1, 1, 2);
INSERT INTO [dbo].[PAY2_DECREE_LINE] ([DEC_ID], [ITEM_ID], [AMOUNT], [INS_OV], [TAX_OV], [BASIS_OV])
VALUES (18, 6, 0.00, NULL, NULL, NULL);
INSERT INTO [dbo].[PAY2_DECREE_LINE] ([DEC_ID], [ITEM_ID], [AMOUNT], [INS_OV], [TAX_OV], [BASIS_OV])
VALUES (18, 7, 22000000.00, 1, 1, 2);
INSERT INTO [dbo].[PAY2_DECREE_LINE] ([DEC_ID], [ITEM_ID], [AMOUNT], [INS_OV], [TAX_OV], [BASIS_OV])
VALUES (18, 12, 1626154.00, 0, 0, 3);
INSERT INTO [dbo].[PAY2_DECREE_LINE] ([DEC_ID], [ITEM_ID], [AMOUNT], [INS_OV], [TAX_OV], [BASIS_OV])
VALUES (18, 13, 2090770.00, 0, 0, 3);
INSERT INTO [dbo].[PAY2_DECREE_LINE] ([DEC_ID], [ITEM_ID], [AMOUNT], [INS_OV], [TAX_OV], [BASIS_OV])
VALUES (19, 1, 5541850.00, 0, 0, 1);
INSERT INTO [dbo].[PAY2_DECREE_LINE] ([DEC_ID], [ITEM_ID], [AMOUNT], [INS_OV], [TAX_OV], [BASIS_OV])
VALUES (19, 2, 5541850.00, 1, 1, 1);
INSERT INTO [dbo].[PAY2_DECREE_LINE] ([DEC_ID], [ITEM_ID], [AMOUNT], [INS_OV], [TAX_OV], [BASIS_OV])
VALUES (19, 3, 30000000.00, 1, 1, 2);
INSERT INTO [dbo].[PAY2_DECREE_LINE] ([DEC_ID], [ITEM_ID], [AMOUNT], [INS_OV], [TAX_OV], [BASIS_OV])
VALUES (19, 5, 5000000.00, 1, 1, 2);
INSERT INTO [dbo].[PAY2_DECREE_LINE] ([DEC_ID], [ITEM_ID], [AMOUNT], [INS_OV], [TAX_OV], [BASIS_OV])
VALUES (19, 7, 22000000.00, 1, 1, 2);
INSERT INTO [dbo].[PAY2_DECREE_LINE] ([DEC_ID], [ITEM_ID], [AMOUNT], [INS_OV], [TAX_OV], [BASIS_OV])
VALUES (19, 12, 1058471.00, 0, 0, 3);
INSERT INTO [dbo].[PAY2_DECREE_LINE] ([DEC_ID], [ITEM_ID], [AMOUNT], [INS_OV], [TAX_OV], [BASIS_OV])
VALUES (19, 13, 1360891.00, 0, 0, 3);
INSERT INTO [dbo].[PAY2_DECREE_LINE] ([DEC_ID], [ITEM_ID], [AMOUNT], [INS_OV], [TAX_OV], [BASIS_OV])
VALUES (20, 1, 6521992.00, 0, 0, 1);
INSERT INTO [dbo].[PAY2_DECREE_LINE] ([DEC_ID], [ITEM_ID], [AMOUNT], [INS_OV], [TAX_OV], [BASIS_OV])
VALUES (20, 2, 6521992.00, 1, 1, 1);
INSERT INTO [dbo].[PAY2_DECREE_LINE] ([DEC_ID], [ITEM_ID], [AMOUNT], [INS_OV], [TAX_OV], [BASIS_OV])
VALUES (20, 3, 30000000.00, 1, 1, 2);
INSERT INTO [dbo].[PAY2_DECREE_LINE] ([DEC_ID], [ITEM_ID], [AMOUNT], [INS_OV], [TAX_OV], [BASIS_OV])
VALUES (20, 4, 66502200.00, 0, 1, 2);
INSERT INTO [dbo].[PAY2_DECREE_LINE] ([DEC_ID], [ITEM_ID], [AMOUNT], [INS_OV], [TAX_OV], [BASIS_OV])
VALUES (20, 5, 5000000.00, 1, 1, 2);
INSERT INTO [dbo].[PAY2_DECREE_LINE] ([DEC_ID], [ITEM_ID], [AMOUNT], [INS_OV], [TAX_OV], [BASIS_OV])
VALUES (20, 6, 0.00, NULL, NULL, NULL);
INSERT INTO [dbo].[PAY2_DECREE_LINE] ([DEC_ID], [ITEM_ID], [AMOUNT], [INS_OV], [TAX_OV], [BASIS_OV])
VALUES (20, 7, 22000000.00, 1, 1, 2);
INSERT INTO [dbo].[PAY2_DECREE_LINE] ([DEC_ID], [ITEM_ID], [AMOUNT], [INS_OV], [TAX_OV], [BASIS_OV])
VALUES (20, 12, 1245674.00, 0, 0, 3);
INSERT INTO [dbo].[PAY2_DECREE_LINE] ([DEC_ID], [ITEM_ID], [AMOUNT], [INS_OV], [TAX_OV], [BASIS_OV])
VALUES (20, 13, 1601580.00, 0, 0, 3);
INSERT INTO [dbo].[PAY2_DECREE_LINE] ([DEC_ID], [ITEM_ID], [AMOUNT], [INS_OV], [TAX_OV], [BASIS_OV])
VALUES (23, 1, 5708517.00, 0, 0, 1);
INSERT INTO [dbo].[PAY2_DECREE_LINE] ([DEC_ID], [ITEM_ID], [AMOUNT], [INS_OV], [TAX_OV], [BASIS_OV])
VALUES (23, 2, 5708517.00, 1, 1, 1);
INSERT INTO [dbo].[PAY2_DECREE_LINE] ([DEC_ID], [ITEM_ID], [AMOUNT], [INS_OV], [TAX_OV], [BASIS_OV])
VALUES (23, 3, 30000000.00, 1, 1, 2);
INSERT INTO [dbo].[PAY2_DECREE_LINE] ([DEC_ID], [ITEM_ID], [AMOUNT], [INS_OV], [TAX_OV], [BASIS_OV])
VALUES (23, 7, 22000000.00, 1, 1, 2);
INSERT INTO [dbo].[PAY2_DECREE_LINE] ([DEC_ID], [ITEM_ID], [AMOUNT], [INS_OV], [TAX_OV], [BASIS_OV])
VALUES (23, 12, 1090303.00, 0, 0, 3);
INSERT INTO [dbo].[PAY2_DECREE_LINE] ([DEC_ID], [ITEM_ID], [AMOUNT], [INS_OV], [TAX_OV], [BASIS_OV])
VALUES (23, 13, 1401818.00, 0, 0, 3);
INSERT INTO [dbo].[PAY2_DECREE_LINE] ([DEC_ID], [ITEM_ID], [AMOUNT], [INS_OV], [TAX_OV], [BASIS_OV])
VALUES (26, 1, 6820139.00, 0, 0, 1);
INSERT INTO [dbo].[PAY2_DECREE_LINE] ([DEC_ID], [ITEM_ID], [AMOUNT], [INS_OV], [TAX_OV], [BASIS_OV])
VALUES (26, 2, 6820139.00, 1, 1, 1);
INSERT INTO [dbo].[PAY2_DECREE_LINE] ([DEC_ID], [ITEM_ID], [AMOUNT], [INS_OV], [TAX_OV], [BASIS_OV])
VALUES (26, 3, 30000000.00, 1, 1, 2);
INSERT INTO [dbo].[PAY2_DECREE_LINE] ([DEC_ID], [ITEM_ID], [AMOUNT], [INS_OV], [TAX_OV], [BASIS_OV])
VALUES (26, 4, 16625550.00, 0, 1, 2);
INSERT INTO [dbo].[PAY2_DECREE_LINE] ([DEC_ID], [ITEM_ID], [AMOUNT], [INS_OV], [TAX_OV], [BASIS_OV])
VALUES (26, 5, 5000000.00, 1, 1, 2);
INSERT INTO [dbo].[PAY2_DECREE_LINE] ([DEC_ID], [ITEM_ID], [AMOUNT], [INS_OV], [TAX_OV], [BASIS_OV])
VALUES (26, 7, 22000000.00, 1, 1, 2);
INSERT INTO [dbo].[PAY2_DECREE_LINE] ([DEC_ID], [ITEM_ID], [AMOUNT], [INS_OV], [TAX_OV], [BASIS_OV])
VALUES (26, 12, 1302619.00, 0, 0, 3);
INSERT INTO [dbo].[PAY2_DECREE_LINE] ([DEC_ID], [ITEM_ID], [AMOUNT], [INS_OV], [TAX_OV], [BASIS_OV])
VALUES (26, 13, 1674795.00, 0, 0, 3);
INSERT INTO [dbo].[PAY2_DECREE_LINE] ([DEC_ID], [ITEM_ID], [AMOUNT], [INS_OV], [TAX_OV], [BASIS_OV])
VALUES (31, 1, 5708517.00, 0, 0, 1);
INSERT INTO [dbo].[PAY2_DECREE_LINE] ([DEC_ID], [ITEM_ID], [AMOUNT], [INS_OV], [TAX_OV], [BASIS_OV])
VALUES (31, 2, 5708517.00, 1, 1, 1);
INSERT INTO [dbo].[PAY2_DECREE_LINE] ([DEC_ID], [ITEM_ID], [AMOUNT], [INS_OV], [TAX_OV], [BASIS_OV])
VALUES (31, 3, 30000000.00, 1, 1, 2);
INSERT INTO [dbo].[PAY2_DECREE_LINE] ([DEC_ID], [ITEM_ID], [AMOUNT], [INS_OV], [TAX_OV], [BASIS_OV])
VALUES (31, 4, 0.00, NULL, NULL, NULL);
INSERT INTO [dbo].[PAY2_DECREE_LINE] ([DEC_ID], [ITEM_ID], [AMOUNT], [INS_OV], [TAX_OV], [BASIS_OV])
VALUES (31, 5, 5000000.00, 1, 1, 2);
INSERT INTO [dbo].[PAY2_DECREE_LINE] ([DEC_ID], [ITEM_ID], [AMOUNT], [INS_OV], [TAX_OV], [BASIS_OV])
VALUES (31, 6, 0.00, NULL, NULL, NULL);
INSERT INTO [dbo].[PAY2_DECREE_LINE] ([DEC_ID], [ITEM_ID], [AMOUNT], [INS_OV], [TAX_OV], [BASIS_OV])
VALUES (31, 7, 22000000.00, 1, 1, 2);
INSERT INTO [dbo].[PAY2_DECREE_LINE] ([DEC_ID], [ITEM_ID], [AMOUNT], [INS_OV], [TAX_OV], [BASIS_OV])
VALUES (31, 12, 1090303.00, 0, 0, 3);
INSERT INTO [dbo].[PAY2_DECREE_LINE] ([DEC_ID], [ITEM_ID], [AMOUNT], [INS_OV], [TAX_OV], [BASIS_OV])
VALUES (31, 13, 1401819.00, 0, 0, 3);
INSERT INTO [dbo].[PAY2_DECREE_LINE] ([DEC_ID], [ITEM_ID], [AMOUNT], [INS_OV], [TAX_OV], [BASIS_OV])
VALUES (32, 1, 800000000.00, 0, 0, 2);
GO

-- PAY2_RUN: 36 row(s)
SET IDENTITY_INSERT [dbo].[PAY2_RUN] ON;
INSERT INTO [dbo].[PAY2_RUN] ([RUN_ID], [PER_ID], [RUN_NO], [IS_LATEST], [CALC_AT], [CALC_BY], [STATUS], [NOTES], [PREV_RUN_ID], [DEED_ID_SAL])
VALUES (1, 2, 1, 0, CONVERT(datetime, '2026-05-02T12:32:57.723', 126), 52, 1, N' | Reverted by 52 | Reverted by 52 | Reverted by 112 | Reverted by 112', NULL, NULL);
INSERT INTO [dbo].[PAY2_RUN] ([RUN_ID], [PER_ID], [RUN_NO], [IS_LATEST], [CALC_AT], [CALC_BY], [STATUS], [NOTES], [PREV_RUN_ID], [DEED_ID_SAL])
VALUES (3, 7, 1, 0, CONVERT(datetime, '2026-06-15T19:06:35.430', 126), 52, 1, NULL, NULL, NULL);
INSERT INTO [dbo].[PAY2_RUN] ([RUN_ID], [PER_ID], [RUN_NO], [IS_LATEST], [CALC_AT], [CALC_BY], [STATUS], [NOTES], [PREV_RUN_ID], [DEED_ID_SAL])
VALUES (4, 7, 2, 0, CONVERT(datetime, '2026-06-15T19:06:57.980', 126), 52, 1, NULL, 3, NULL);
INSERT INTO [dbo].[PAY2_RUN] ([RUN_ID], [PER_ID], [RUN_NO], [IS_LATEST], [CALC_AT], [CALC_BY], [STATUS], [NOTES], [PREV_RUN_ID], [DEED_ID_SAL])
VALUES (5, 7, 3, 1, CONVERT(datetime, '2026-06-16T08:18:29.297', 126), 112, 1, NULL, 4, NULL);
INSERT INTO [dbo].[PAY2_RUN] ([RUN_ID], [PER_ID], [RUN_NO], [IS_LATEST], [CALC_AT], [CALC_BY], [STATUS], [NOTES], [PREV_RUN_ID], [DEED_ID_SAL])
VALUES (6, 2, 2, 1, CONVERT(datetime, '2026-06-16T08:26:45.747', 126), 112, 3, N' | Finalized by 112', 1, NULL);
INSERT INTO [dbo].[PAY2_RUN] ([RUN_ID], [PER_ID], [RUN_NO], [IS_LATEST], [CALC_AT], [CALC_BY], [STATUS], [NOTES], [PREV_RUN_ID], [DEED_ID_SAL])
VALUES (7, 9, 1, 0, CONVERT(datetime, '2026-06-23T12:02:11.383', 126), 51, 1, N' | Reverted by 51', NULL, NULL);
INSERT INTO [dbo].[PAY2_RUN] ([RUN_ID], [PER_ID], [RUN_NO], [IS_LATEST], [CALC_AT], [CALC_BY], [STATUS], [NOTES], [PREV_RUN_ID], [DEED_ID_SAL])
VALUES (8, 9, 2, 0, CONVERT(datetime, '2026-06-23T12:22:52.847', 126), 51, 1, NULL, 7, NULL);
INSERT INTO [dbo].[PAY2_RUN] ([RUN_ID], [PER_ID], [RUN_NO], [IS_LATEST], [CALC_AT], [CALC_BY], [STATUS], [NOTES], [PREV_RUN_ID], [DEED_ID_SAL])
VALUES (9, 9, 3, 0, CONVERT(datetime, '2026-06-23T12:28:14.710', 126), 113, 1, NULL, 8, NULL);
INSERT INTO [dbo].[PAY2_RUN] ([RUN_ID], [PER_ID], [RUN_NO], [IS_LATEST], [CALC_AT], [CALC_BY], [STATUS], [NOTES], [PREV_RUN_ID], [DEED_ID_SAL])
VALUES (10, 9, 4, 0, CONVERT(datetime, '2026-06-23T13:02:25.020', 126), 51, 1, NULL, 9, NULL);
INSERT INTO [dbo].[PAY2_RUN] ([RUN_ID], [PER_ID], [RUN_NO], [IS_LATEST], [CALC_AT], [CALC_BY], [STATUS], [NOTES], [PREV_RUN_ID], [DEED_ID_SAL])
VALUES (11, 9, 5, 0, CONVERT(datetime, '2026-06-23T13:07:48.503', 126), 113, 1, N' | Reverted by 51', 10, NULL);
INSERT INTO [dbo].[PAY2_RUN] ([RUN_ID], [PER_ID], [RUN_NO], [IS_LATEST], [CALC_AT], [CALC_BY], [STATUS], [NOTES], [PREV_RUN_ID], [DEED_ID_SAL])
VALUES (12, 9, 6, 0, CONVERT(datetime, '2026-06-23T14:07:59.893', 126), 51, 1, N' | Reverted by 113', 11, NULL);
INSERT INTO [dbo].[PAY2_RUN] ([RUN_ID], [PER_ID], [RUN_NO], [IS_LATEST], [CALC_AT], [CALC_BY], [STATUS], [NOTES], [PREV_RUN_ID], [DEED_ID_SAL])
VALUES (13, 9, 7, 0, CONVERT(datetime, '2026-06-27T08:39:03.070', 126), 113, 1, N' | Reverted by 113', 12, NULL);
INSERT INTO [dbo].[PAY2_RUN] ([RUN_ID], [PER_ID], [RUN_NO], [IS_LATEST], [CALC_AT], [CALC_BY], [STATUS], [NOTES], [PREV_RUN_ID], [DEED_ID_SAL])
VALUES (14, 9, 8, 0, CONVERT(datetime, '2026-06-27T08:41:55.923', 126), 113, 1, N' | Reverted by 51', 13, NULL);
INSERT INTO [dbo].[PAY2_RUN] ([RUN_ID], [PER_ID], [RUN_NO], [IS_LATEST], [CALC_AT], [CALC_BY], [STATUS], [NOTES], [PREV_RUN_ID], [DEED_ID_SAL])
VALUES (15, 9, 9, 0, CONVERT(datetime, '2026-06-27T12:28:40.483', 126), 51, 1, N' | Reverted by 52', 14, NULL);
INSERT INTO [dbo].[PAY2_RUN] ([RUN_ID], [PER_ID], [RUN_NO], [IS_LATEST], [CALC_AT], [CALC_BY], [STATUS], [NOTES], [PREV_RUN_ID], [DEED_ID_SAL])
VALUES (16, 9, 10, 0, CONVERT(datetime, '2026-06-27T20:50:54.860', 126), 52, 1, N' | Reverted by 51', 15, NULL);
INSERT INTO [dbo].[PAY2_RUN] ([RUN_ID], [PER_ID], [RUN_NO], [IS_LATEST], [CALC_AT], [CALC_BY], [STATUS], [NOTES], [PREV_RUN_ID], [DEED_ID_SAL])
VALUES (17, 9, 11, 0, CONVERT(datetime, '2026-06-28T14:44:09.647', 126), 51, 1, N' | Reverted by 51', 16, NULL);
INSERT INTO [dbo].[PAY2_RUN] ([RUN_ID], [PER_ID], [RUN_NO], [IS_LATEST], [CALC_AT], [CALC_BY], [STATUS], [NOTES], [PREV_RUN_ID], [DEED_ID_SAL])
VALUES (18, 9, 12, 0, CONVERT(datetime, '2026-06-28T14:52:43.957', 126), 51, 1, N' | Reverted by 51', 17, NULL);
INSERT INTO [dbo].[PAY2_RUN] ([RUN_ID], [PER_ID], [RUN_NO], [IS_LATEST], [CALC_AT], [CALC_BY], [STATUS], [NOTES], [PREV_RUN_ID], [DEED_ID_SAL])
VALUES (19, 9, 13, 0, CONVERT(datetime, '2026-06-28T14:55:13.873', 126), 51, 1, N' | Reverted by 51', 18, NULL);
INSERT INTO [dbo].[PAY2_RUN] ([RUN_ID], [PER_ID], [RUN_NO], [IS_LATEST], [CALC_AT], [CALC_BY], [STATUS], [NOTES], [PREV_RUN_ID], [DEED_ID_SAL])
VALUES (20, 9, 14, 0, CONVERT(datetime, '2026-06-28T15:02:18.830', 126), 51, 1, N' | Reverted by 51', 19, NULL);
INSERT INTO [dbo].[PAY2_RUN] ([RUN_ID], [PER_ID], [RUN_NO], [IS_LATEST], [CALC_AT], [CALC_BY], [STATUS], [NOTES], [PREV_RUN_ID], [DEED_ID_SAL])
VALUES (21, 9, 15, 0, CONVERT(datetime, '2026-06-28T15:05:29.867', 126), 51, 1, N' | Reverted by 51', 20, NULL);
INSERT INTO [dbo].[PAY2_RUN] ([RUN_ID], [PER_ID], [RUN_NO], [IS_LATEST], [CALC_AT], [CALC_BY], [STATUS], [NOTES], [PREV_RUN_ID], [DEED_ID_SAL])
VALUES (22, 9, 16, 0, CONVERT(datetime, '2026-06-28T15:18:24.957', 126), 51, 1, N' | Reverted by 51', 21, NULL);
INSERT INTO [dbo].[PAY2_RUN] ([RUN_ID], [PER_ID], [RUN_NO], [IS_LATEST], [CALC_AT], [CALC_BY], [STATUS], [NOTES], [PREV_RUN_ID], [DEED_ID_SAL])
VALUES (23, 9, 17, 0, CONVERT(datetime, '2026-06-28T15:21:05.540', 126), 51, 1, N' | Reverted by 51', 22, NULL);
INSERT INTO [dbo].[PAY2_RUN] ([RUN_ID], [PER_ID], [RUN_NO], [IS_LATEST], [CALC_AT], [CALC_BY], [STATUS], [NOTES], [PREV_RUN_ID], [DEED_ID_SAL])
VALUES (24, 9, 18, 0, CONVERT(datetime, '2026-06-28T15:27:16.833', 126), 51, 1, N' | Reverted by 51', 23, NULL);
INSERT INTO [dbo].[PAY2_RUN] ([RUN_ID], [PER_ID], [RUN_NO], [IS_LATEST], [CALC_AT], [CALC_BY], [STATUS], [NOTES], [PREV_RUN_ID], [DEED_ID_SAL])
VALUES (25, 9, 19, 0, CONVERT(datetime, '2026-06-28T15:30:02.313', 126), 51, 1, N' | Reverted by 51', 24, NULL);
INSERT INTO [dbo].[PAY2_RUN] ([RUN_ID], [PER_ID], [RUN_NO], [IS_LATEST], [CALC_AT], [CALC_BY], [STATUS], [NOTES], [PREV_RUN_ID], [DEED_ID_SAL])
VALUES (26, 9, 20, 0, CONVERT(datetime, '2026-06-28T15:31:40.923', 126), 51, 1, N' | Reverted by 51', 25, NULL);
INSERT INTO [dbo].[PAY2_RUN] ([RUN_ID], [PER_ID], [RUN_NO], [IS_LATEST], [CALC_AT], [CALC_BY], [STATUS], [NOTES], [PREV_RUN_ID], [DEED_ID_SAL])
VALUES (27, 9, 21, 0, CONVERT(datetime, '2026-06-28T15:36:56.147', 126), 51, 1, N' | Reverted by 51', 26, NULL);
INSERT INTO [dbo].[PAY2_RUN] ([RUN_ID], [PER_ID], [RUN_NO], [IS_LATEST], [CALC_AT], [CALC_BY], [STATUS], [NOTES], [PREV_RUN_ID], [DEED_ID_SAL])
VALUES (28, 9, 22, 0, CONVERT(datetime, '2026-06-28T15:40:01.597', 126), 51, 1, N' | Reverted by 52', 27, NULL);
INSERT INTO [dbo].[PAY2_RUN] ([RUN_ID], [PER_ID], [RUN_NO], [IS_LATEST], [CALC_AT], [CALC_BY], [STATUS], [NOTES], [PREV_RUN_ID], [DEED_ID_SAL])
VALUES (29, 9, 23, 0, CONVERT(datetime, '2026-06-28T21:17:37.250', 126), 52, 1, N' | Reverted by 52', 28, NULL);
INSERT INTO [dbo].[PAY2_RUN] ([RUN_ID], [PER_ID], [RUN_NO], [IS_LATEST], [CALC_AT], [CALC_BY], [STATUS], [NOTES], [PREV_RUN_ID], [DEED_ID_SAL])
VALUES (30, 9, 24, 0, CONVERT(datetime, '2026-06-29T18:33:38.410', 126), 52, 1, N' | Reverted by 52', 29, NULL);
INSERT INTO [dbo].[PAY2_RUN] ([RUN_ID], [PER_ID], [RUN_NO], [IS_LATEST], [CALC_AT], [CALC_BY], [STATUS], [NOTES], [PREV_RUN_ID], [DEED_ID_SAL])
VALUES (31, 9, 25, 0, CONVERT(datetime, '2026-07-01T15:43:37.380', 126), 52, 1, N' | Reverted by 52', 30, NULL);
INSERT INTO [dbo].[PAY2_RUN] ([RUN_ID], [PER_ID], [RUN_NO], [IS_LATEST], [CALC_AT], [CALC_BY], [STATUS], [NOTES], [PREV_RUN_ID], [DEED_ID_SAL])
VALUES (32, 9, 26, 0, CONVERT(datetime, '2026-07-01T15:44:50.333', 126), 52, 1, N' | Reverted by 51', 31, NULL);
INSERT INTO [dbo].[PAY2_RUN] ([RUN_ID], [PER_ID], [RUN_NO], [IS_LATEST], [CALC_AT], [CALC_BY], [STATUS], [NOTES], [PREV_RUN_ID], [DEED_ID_SAL])
VALUES (33, 9, 27, 0, CONVERT(datetime, '2026-07-01T16:17:54.437', 126), 51, 1, N' | Reverted by 51', 32, NULL);
INSERT INTO [dbo].[PAY2_RUN] ([RUN_ID], [PER_ID], [RUN_NO], [IS_LATEST], [CALC_AT], [CALC_BY], [STATUS], [NOTES], [PREV_RUN_ID], [DEED_ID_SAL])
VALUES (34, 9, 28, 0, CONVERT(datetime, '2026-07-02T14:11:17.967', 126), 51, 1, N' | Reverted by 51', 33, NULL);
INSERT INTO [dbo].[PAY2_RUN] ([RUN_ID], [PER_ID], [RUN_NO], [IS_LATEST], [CALC_AT], [CALC_BY], [STATUS], [NOTES], [PREV_RUN_ID], [DEED_ID_SAL])
VALUES (35, 9, 29, 0, CONVERT(datetime, '2026-07-03T09:05:44.533', 126), 51, 1, N' | Reverted by 51', 34, NULL);
INSERT INTO [dbo].[PAY2_RUN] ([RUN_ID], [PER_ID], [RUN_NO], [IS_LATEST], [CALC_AT], [CALC_BY], [STATUS], [NOTES], [PREV_RUN_ID], [DEED_ID_SAL])
VALUES (36, 9, 30, 0, CONVERT(datetime, '2026-07-03T09:09:01.950', 126), 51, 1, N' | Reverted by 51', 35, NULL);
INSERT INTO [dbo].[PAY2_RUN] ([RUN_ID], [PER_ID], [RUN_NO], [IS_LATEST], [CALC_AT], [CALC_BY], [STATUS], [NOTES], [PREV_RUN_ID], [DEED_ID_SAL])
VALUES (37, 9, 31, 1, CONVERT(datetime, '2026-07-03T09:32:32.443', 126), 51, 3, N' | Finalized by 51 | DeedUnfinalized by 51 | DeedUnfinalized by 51 | DeedUnfinalized by 51', 36, 1342);
SET IDENTITY_INSERT [dbo].[PAY2_RUN] OFF;
GO

-- PAY2_RUN_LINE: 79 row(s)
INSERT INTO [dbo].[PAY2_RUN_LINE] ([RUN_ID], [EMP_ID], [WORK_DAYS], [GROSS_PAY], [INS_BASE], [INS_WORKER], [INS_EMPLOYER], [TAX_BASE], [TAX_AMOUNT], [LOAN_DED], [ADVANCE_DED], [OTHER_DED], [TOTAL_DED], [NET_PAY], [LOAN_BALANCE], [ADVANCE_BALANCE_SNAP], [LEAVE_BAL_DAYS])
VALUES (3, 9, 31.00, 87616708, 46501255, 3255087, 10695288, 0, 0, 0, 0, 0, 3255087, 84362000, 0, 0, NULL);
INSERT INTO [dbo].[PAY2_RUN_LINE] ([RUN_ID], [EMP_ID], [WORK_DAYS], [GROSS_PAY], [INS_BASE], [INS_WORKER], [INS_EMPLOYER], [TAX_BASE], [TAX_AMOUNT], [LOAN_DED], [ADVANCE_DED], [OTHER_DED], [TOTAL_DED], [NET_PAY], [LOAN_BALANCE], [ADVANCE_BALANCE_SNAP], [LEAVE_BAL_DAYS])
VALUES (4, 9, 31.00, 87616708, 46501255, 3255087, 10695288, 0, 0, 0, 0, 0, 3255087, 84362000, 0, 0, NULL);
INSERT INTO [dbo].[PAY2_RUN_LINE] ([RUN_ID], [EMP_ID], [WORK_DAYS], [GROSS_PAY], [INS_BASE], [INS_WORKER], [INS_EMPLOYER], [TAX_BASE], [TAX_AMOUNT], [LOAN_DED], [ADVANCE_DED], [OTHER_DED], [TOTAL_DED], [NET_PAY], [LOAN_BALANCE], [ADVANCE_BALANCE_SNAP], [LEAVE_BAL_DAYS])
VALUES (5, 9, 31.00, 190906972, 65897687, 4612838, 15156468, 10535949, 1053594, 0, 0, 0, 5666432, 185241000, 0, 0, NULL);
INSERT INTO [dbo].[PAY2_RUN_LINE] ([RUN_ID], [EMP_ID], [WORK_DAYS], [GROSS_PAY], [INS_BASE], [INS_WORKER], [INS_EMPLOYER], [TAX_BASE], [TAX_AMOUNT], [LOAN_DED], [ADVANCE_DED], [OTHER_DED], [TOTAL_DED], [NET_PAY], [LOAN_BALANCE], [ADVANCE_BALANCE_SNAP], [LEAVE_BAL_DAYS])
VALUES (6, 1, 31.00, 0, 0, 0, 0, 0, 0, 0, 0, 0, 0, 0, 0, 0, NULL);
INSERT INTO [dbo].[PAY2_RUN_LINE] ([RUN_ID], [EMP_ID], [WORK_DAYS], [GROSS_PAY], [INS_BASE], [INS_WORKER], [INS_EMPLOYER], [TAX_BASE], [TAX_AMOUNT], [LOAN_DED], [ADVANCE_DED], [OTHER_DED], [TOTAL_DED], [NET_PAY], [LOAN_BALANCE], [ADVANCE_BALANCE_SNAP], [LEAVE_BAL_DAYS])
VALUES (6, 2, 31.00, 0, 0, 0, 0, 0, 0, 0, 0, 0, 0, 0, 0, 0, NULL);
INSERT INTO [dbo].[PAY2_RUN_LINE] ([RUN_ID], [EMP_ID], [WORK_DAYS], [GROSS_PAY], [INS_BASE], [INS_WORKER], [INS_EMPLOYER], [TAX_BASE], [TAX_AMOUNT], [LOAN_DED], [ADVANCE_DED], [OTHER_DED], [TOTAL_DED], [NET_PAY], [LOAN_BALANCE], [ADVANCE_BALANCE_SNAP], [LEAVE_BAL_DAYS])
VALUES (6, 3, 31.00, 0, 0, 0, 0, 0, 0, 0, 0, 0, 0, 0, 0, 0, NULL);
INSERT INTO [dbo].[PAY2_RUN_LINE] ([RUN_ID], [EMP_ID], [WORK_DAYS], [GROSS_PAY], [INS_BASE], [INS_WORKER], [INS_EMPLOYER], [TAX_BASE], [TAX_AMOUNT], [LOAN_DED], [ADVANCE_DED], [OTHER_DED], [TOTAL_DED], [NET_PAY], [LOAN_BALANCE], [ADVANCE_BALANCE_SNAP], [LEAVE_BAL_DAYS])
VALUES (6, 4, 31.00, 0, 0, 0, 0, 0, 0, 0, 0, 0, 0, 0, 0, 0, NULL);
INSERT INTO [dbo].[PAY2_RUN_LINE] ([RUN_ID], [EMP_ID], [WORK_DAYS], [GROSS_PAY], [INS_BASE], [INS_WORKER], [INS_EMPLOYER], [TAX_BASE], [TAX_AMOUNT], [LOAN_DED], [ADVANCE_DED], [OTHER_DED], [TOTAL_DED], [NET_PAY], [LOAN_BALANCE], [ADVANCE_BALANCE_SNAP], [LEAVE_BAL_DAYS])
VALUES (6, 5, 31.00, 0, 0, 0, 0, 0, 0, 0, 0, 0, 0, 0, 0, 0, NULL);
INSERT INTO [dbo].[PAY2_RUN_LINE] ([RUN_ID], [EMP_ID], [WORK_DAYS], [GROSS_PAY], [INS_BASE], [INS_WORKER], [INS_EMPLOYER], [TAX_BASE], [TAX_AMOUNT], [LOAN_DED], [ADVANCE_DED], [OTHER_DED], [TOTAL_DED], [NET_PAY], [LOAN_BALANCE], [ADVANCE_BALANCE_SNAP], [LEAVE_BAL_DAYS])
VALUES (6, 6, 31.00, 0, 0, 0, 0, 0, 0, 0, 0, 0, 0, 0, 0, 0, NULL);
INSERT INTO [dbo].[PAY2_RUN_LINE] ([RUN_ID], [EMP_ID], [WORK_DAYS], [GROSS_PAY], [INS_BASE], [INS_WORKER], [INS_EMPLOYER], [TAX_BASE], [TAX_AMOUNT], [LOAN_DED], [ADVANCE_DED], [OTHER_DED], [TOTAL_DED], [NET_PAY], [LOAN_BALANCE], [ADVANCE_BALANCE_SNAP], [LEAVE_BAL_DAYS])
VALUES (6, 7, 31.00, 0, 0, 0, 0, 0, 0, 0, 0, 0, 0, 0, 0, 0, NULL);
INSERT INTO [dbo].[PAY2_RUN_LINE] ([RUN_ID], [EMP_ID], [WORK_DAYS], [GROSS_PAY], [INS_BASE], [INS_WORKER], [INS_EMPLOYER], [TAX_BASE], [TAX_AMOUNT], [LOAN_DED], [ADVANCE_DED], [OTHER_DED], [TOTAL_DED], [NET_PAY], [LOAN_BALANCE], [ADVANCE_BALANCE_SNAP], [LEAVE_BAL_DAYS])
VALUES (6, 8, 31.00, 0, 0, 0, 0, 0, 0, 0, 0, 0, 0, 0, 0, 0, NULL);
INSERT INTO [dbo].[PAY2_RUN_LINE] ([RUN_ID], [EMP_ID], [WORK_DAYS], [GROSS_PAY], [INS_BASE], [INS_WORKER], [INS_EMPLOYER], [TAX_BASE], [TAX_AMOUNT], [LOAN_DED], [ADVANCE_DED], [OTHER_DED], [TOTAL_DED], [NET_PAY], [LOAN_BALANCE], [ADVANCE_BALANCE_SNAP], [LEAVE_BAL_DAYS])
VALUES (6, 9, 31.00, 0, 0, 0, 0, 0, 0, 0, 0, 0, 0, 0, 0, 0, NULL);
INSERT INTO [dbo].[PAY2_RUN_LINE] ([RUN_ID], [EMP_ID], [WORK_DAYS], [GROSS_PAY], [INS_BASE], [INS_WORKER], [INS_EMPLOYER], [TAX_BASE], [TAX_AMOUNT], [LOAN_DED], [ADVANCE_DED], [OTHER_DED], [TOTAL_DED], [NET_PAY], [LOAN_BALANCE], [ADVANCE_BALANCE_SNAP], [LEAVE_BAL_DAYS])
VALUES (6, 10, 20.00, 0, 0, 0, 0, 0, 0, 0, 0, 0, 0, 0, 0, 0, NULL);
INSERT INTO [dbo].[PAY2_RUN_LINE] ([RUN_ID], [EMP_ID], [WORK_DAYS], [GROSS_PAY], [INS_BASE], [INS_WORKER], [INS_EMPLOYER], [TAX_BASE], [TAX_AMOUNT], [LOAN_DED], [ADVANCE_DED], [OTHER_DED], [TOTAL_DED], [NET_PAY], [LOAN_BALANCE], [ADVANCE_BALANCE_SNAP], [LEAVE_BAL_DAYS])
VALUES (6, 11, 31.00, 0, 0, 0, 0, 0, 0, 0, 0, 0, 0, 0, 0, 0, NULL);
INSERT INTO [dbo].[PAY2_RUN_LINE] ([RUN_ID], [EMP_ID], [WORK_DAYS], [GROSS_PAY], [INS_BASE], [INS_WORKER], [INS_EMPLOYER], [TAX_BASE], [TAX_AMOUNT], [LOAN_DED], [ADVANCE_DED], [OTHER_DED], [TOTAL_DED], [NET_PAY], [LOAN_BALANCE], [ADVANCE_BALANCE_SNAP], [LEAVE_BAL_DAYS])
VALUES (6, 12, 30.00, 0, 0, 0, 0, 0, 0, 0, 0, 0, 0, 0, 0, 0, NULL);
INSERT INTO [dbo].[PAY2_RUN_LINE] ([RUN_ID], [EMP_ID], [WORK_DAYS], [GROSS_PAY], [INS_BASE], [INS_WORKER], [INS_EMPLOYER], [TAX_BASE], [TAX_AMOUNT], [LOAN_DED], [ADVANCE_DED], [OTHER_DED], [TOTAL_DED], [NET_PAY], [LOAN_BALANCE], [ADVANCE_BALANCE_SNAP], [LEAVE_BAL_DAYS])
VALUES (6, 13, 31.00, 0, 0, 0, 0, 0, 0, 0, 0, 0, 0, 0, 0, 0, NULL);
INSERT INTO [dbo].[PAY2_RUN_LINE] ([RUN_ID], [EMP_ID], [WORK_DAYS], [GROSS_PAY], [INS_BASE], [INS_WORKER], [INS_EMPLOYER], [TAX_BASE], [TAX_AMOUNT], [LOAN_DED], [ADVANCE_DED], [OTHER_DED], [TOTAL_DED], [NET_PAY], [LOAN_BALANCE], [ADVANCE_BALANCE_SNAP], [LEAVE_BAL_DAYS])
VALUES (6, 14, 31.00, 0, 0, 0, 0, 0, 0, 0, 0, 0, 0, 0, 0, 0, NULL);
INSERT INTO [dbo].[PAY2_RUN_LINE] ([RUN_ID], [EMP_ID], [WORK_DAYS], [GROSS_PAY], [INS_BASE], [INS_WORKER], [INS_EMPLOYER], [TAX_BASE], [TAX_AMOUNT], [LOAN_DED], [ADVANCE_DED], [OTHER_DED], [TOTAL_DED], [NET_PAY], [LOAN_BALANCE], [ADVANCE_BALANCE_SNAP], [LEAVE_BAL_DAYS])
VALUES (6, 15, 31.00, 0, 0, 0, 0, 0, 0, 0, 0, 0, 0, 0, 0, 0, NULL);
INSERT INTO [dbo].[PAY2_RUN_LINE] ([RUN_ID], [EMP_ID], [WORK_DAYS], [GROSS_PAY], [INS_BASE], [INS_WORKER], [INS_EMPLOYER], [TAX_BASE], [TAX_AMOUNT], [LOAN_DED], [ADVANCE_DED], [OTHER_DED], [TOTAL_DED], [NET_PAY], [LOAN_BALANCE], [ADVANCE_BALANCE_SNAP], [LEAVE_BAL_DAYS])
VALUES (8, 1, 31.00, 0, 0, 0, 0, 0, 0, 0, 0, 0, 0, 0, 0, 0, NULL);
INSERT INTO [dbo].[PAY2_RUN_LINE] ([RUN_ID], [EMP_ID], [WORK_DAYS], [GROSS_PAY], [INS_BASE], [INS_WORKER], [INS_EMPLOYER], [TAX_BASE], [TAX_AMOUNT], [LOAN_DED], [ADVANCE_DED], [OTHER_DED], [TOTAL_DED], [NET_PAY], [LOAN_BALANCE], [ADVANCE_BALANCE_SNAP], [LEAVE_BAL_DAYS])
VALUES (8, 2, 31.00, 81717507, 57898800, 4052916, 13316724, 0, 0, 0, 0, 0, 4052916, 77665000, 0, 0, NULL);
INSERT INTO [dbo].[PAY2_RUN_LINE] ([RUN_ID], [EMP_ID], [WORK_DAYS], [GROSS_PAY], [INS_BASE], [INS_WORKER], [INS_EMPLOYER], [TAX_BASE], [TAX_AMOUNT], [LOAN_DED], [ADVANCE_DED], [OTHER_DED], [TOTAL_DED], [NET_PAY], [LOAN_BALANCE], [ADVANCE_BALANCE_SNAP], [LEAVE_BAL_DAYS])
VALUES (8, 3, 31.00, 64693990, 58346995, 4084289, 13419808, 0, 0, 0, 0, 0, 4084289, 60610000, 0, 0, NULL);
INSERT INTO [dbo].[PAY2_RUN_LINE] ([RUN_ID], [EMP_ID], [WORK_DAYS], [GROSS_PAY], [INS_BASE], [INS_WORKER], [INS_EMPLOYER], [TAX_BASE], [TAX_AMOUNT], [LOAN_DED], [ADVANCE_DED], [OTHER_DED], [TOTAL_DED], [NET_PAY], [LOAN_BALANCE], [ADVANCE_BALANCE_SNAP], [LEAVE_BAL_DAYS])
VALUES (8, 4, 0.00, 52000000, 52000000, 3640000, 11960000, 0, 0, 0, 0, 0, 3640000, 48360000, 0, 0, NULL);
INSERT INTO [dbo].[PAY2_RUN_LINE] ([RUN_ID], [EMP_ID], [WORK_DAYS], [GROSS_PAY], [INS_BASE], [INS_WORKER], [INS_EMPLOYER], [TAX_BASE], [TAX_AMOUNT], [LOAN_DED], [ADVANCE_DED], [OTHER_DED], [TOTAL_DED], [NET_PAY], [LOAN_BALANCE], [ADVANCE_BALANCE_SNAP], [LEAVE_BAL_DAYS])
VALUES (8, 5, 31.00, 145620732, 57726578, 4040860, 13277112, 0, 0, 0, 0, 0, 4040860, 141580000, 0, 0, NULL);
INSERT INTO [dbo].[PAY2_RUN_LINE] ([RUN_ID], [EMP_ID], [WORK_DAYS], [GROSS_PAY], [INS_BASE], [INS_WORKER], [INS_EMPLOYER], [TAX_BASE], [TAX_AMOUNT], [LOAN_DED], [ADVANCE_DED], [OTHER_DED], [TOTAL_DED], [NET_PAY], [LOAN_BALANCE], [ADVANCE_BALANCE_SNAP], [LEAVE_BAL_DAYS])
VALUES (8, 6, 31.00, 74650930, 65825465, 4607782, 15139856, 0, 0, 0, 0, 0, 4607782, 70043000, 0, 0, NULL);
INSERT INTO [dbo].[PAY2_RUN_LINE] ([RUN_ID], [EMP_ID], [WORK_DAYS], [GROSS_PAY], [INS_BASE], [INS_WORKER], [INS_EMPLOYER], [TAX_BASE], [TAX_AMOUNT], [LOAN_DED], [ADVANCE_DED], [OTHER_DED], [TOTAL_DED], [NET_PAY], [LOAN_BALANCE], [ADVANCE_BALANCE_SNAP], [LEAVE_BAL_DAYS])
VALUES (8, 7, 31.00, 98915966, 87957983, 6157058, 20230336, 0, 0, 0, 0, 0, 6157058, 92759000, 0, 0, NULL);
INSERT INTO [dbo].[PAY2_RUN_LINE] ([RUN_ID], [EMP_ID], [WORK_DAYS], [GROSS_PAY], [INS_BASE], [INS_WORKER], [INS_EMPLOYER], [TAX_BASE], [TAX_AMOUNT], [LOAN_DED], [ADVANCE_DED], [OTHER_DED], [TOTAL_DED], [NET_PAY], [LOAN_BALANCE], [ADVANCE_BALANCE_SNAP], [LEAVE_BAL_DAYS])
VALUES (8, 8, 31.00, 0, 0, 0, 0, 0, 0, 0, 0, 0, 0, 0, 0, 0, NULL);
INSERT INTO [dbo].[PAY2_RUN_LINE] ([RUN_ID], [EMP_ID], [WORK_DAYS], [GROSS_PAY], [INS_BASE], [INS_WORKER], [INS_EMPLOYER], [TAX_BASE], [TAX_AMOUNT], [LOAN_DED], [ADVANCE_DED], [OTHER_DED], [TOTAL_DED], [NET_PAY], [LOAN_BALANCE], [ADVANCE_BALANCE_SNAP], [LEAVE_BAL_DAYS])
VALUES (8, 9, 31.00, 222709794, 65897687, 4612838, 15156468, 10535949, 1053594, 0, 0, 0, 5666432, 217043000, 0, 0, NULL);
INSERT INTO [dbo].[PAY2_RUN_LINE] ([RUN_ID], [EMP_ID], [WORK_DAYS], [GROSS_PAY], [INS_BASE], [INS_WORKER], [INS_EMPLOYER], [TAX_BASE], [TAX_AMOUNT], [LOAN_DED], [ADVANCE_DED], [OTHER_DED], [TOTAL_DED], [NET_PAY], [LOAN_BALANCE], [ADVANCE_BALANCE_SNAP], [LEAVE_BAL_DAYS])
VALUES (8, 10, 31.00, 239655444, 64156984, 4490988, 14756106, 8917096, 891709, 0, 0, 0, 5382697, 234273000, 0, 0, NULL);
INSERT INTO [dbo].[PAY2_RUN_LINE] ([RUN_ID], [EMP_ID], [WORK_DAYS], [GROSS_PAY], [INS_BASE], [INS_WORKER], [INS_EMPLOYER], [TAX_BASE], [TAX_AMOUNT], [LOAN_DED], [ADVANCE_DED], [OTHER_DED], [TOTAL_DED], [NET_PAY], [LOAN_BALANCE], [ADVANCE_BALANCE_SNAP], [LEAVE_BAL_DAYS])
VALUES (8, 11, 31.00, 261629265, 64045057, 4483153, 14730363, 42064104, 4206410, 0, 0, 0, 8689563, 252940000, 0, 0, NULL);
INSERT INTO [dbo].[PAY2_RUN_LINE] ([RUN_ID], [EMP_ID], [WORK_DAYS], [GROSS_PAY], [INS_BASE], [INS_WORKER], [INS_EMPLOYER], [TAX_BASE], [TAX_AMOUNT], [LOAN_DED], [ADVANCE_DED], [OTHER_DED], [TOTAL_DED], [NET_PAY], [LOAN_BALANCE], [ADVANCE_BALANCE_SNAP], [LEAVE_BAL_DAYS])
VALUES (8, 12, 31.00, 200028207, 64455574, 4511890, 14824782, 0, 0, 0, 0, 0, 4511890, 195516000, 0, 0, NULL);
INSERT INTO [dbo].[PAY2_RUN_LINE] ([RUN_ID], [EMP_ID], [WORK_DAYS], [GROSS_PAY], [INS_BASE], [INS_WORKER], [INS_EMPLOYER], [TAX_BASE], [TAX_AMOUNT], [LOAN_DED], [ADVANCE_DED], [OTHER_DED], [TOTAL_DED], [NET_PAY], [LOAN_BALANCE], [ADVANCE_BALANCE_SNAP], [LEAVE_BAL_DAYS])
VALUES (8, 13, 31.00, 259363345, 65797882, 4605851, 15133512, 0, 0, 0, 0, 0, 4605851, 254757000, 0, 0, NULL);
INSERT INTO [dbo].[PAY2_RUN_LINE] ([RUN_ID], [EMP_ID], [WORK_DAYS], [GROSS_PAY], [INS_BASE], [INS_WORKER], [INS_EMPLOYER], [TAX_BASE], [TAX_AMOUNT], [LOAN_DED], [ADVANCE_DED], [OTHER_DED], [TOTAL_DED], [NET_PAY], [LOAN_BALANCE], [ADVANCE_BALANCE_SNAP], [LEAVE_BAL_DAYS])
VALUES (8, 14, 31.00, 169827445, 62726578, 4390860, 14427112, 0, 0, 0, 0, 0, 4390860, 165437000, 0, 0, NULL);
INSERT INTO [dbo].[PAY2_RUN_LINE] ([RUN_ID], [EMP_ID], [WORK_DAYS], [GROSS_PAY], [INS_BASE], [INS_WORKER], [INS_EMPLOYER], [TAX_BASE], [TAX_AMOUNT], [LOAN_DED], [ADVANCE_DED], [OTHER_DED], [TOTAL_DED], [NET_PAY], [LOAN_BALANCE], [ADVANCE_BALANCE_SNAP], [LEAVE_BAL_DAYS])
VALUES (8, 15, 31.00, 212733952, 63739391, 4461757, 14660059, 41779834, 4177983, 0, 0, 0, 8639740, 204094000, 0, 0, NULL);
INSERT INTO [dbo].[PAY2_RUN_LINE] ([RUN_ID], [EMP_ID], [WORK_DAYS], [GROSS_PAY], [INS_BASE], [INS_WORKER], [INS_EMPLOYER], [TAX_BASE], [TAX_AMOUNT], [LOAN_DED], [ADVANCE_DED], [OTHER_DED], [TOTAL_DED], [NET_PAY], [LOAN_BALANCE], [ADVANCE_BALANCE_SNAP], [LEAVE_BAL_DAYS])
VALUES (9, 1, 31.00, 0, 0, 0, 0, 0, 0, 0, 0, 0, 0, 0, 0, 0, NULL);
INSERT INTO [dbo].[PAY2_RUN_LINE] ([RUN_ID], [EMP_ID], [WORK_DAYS], [GROSS_PAY], [INS_BASE], [INS_WORKER], [INS_EMPLOYER], [TAX_BASE], [TAX_AMOUNT], [LOAN_DED], [ADVANCE_DED], [OTHER_DED], [TOTAL_DED], [NET_PAY], [LOAN_BALANCE], [ADVANCE_BALANCE_SNAP], [LEAVE_BAL_DAYS])
VALUES (9, 2, 31.00, 81717507, 57898800, 4052916, 13316724, 0, 0, 0, 0, 0, 4052916, 77665000, 0, 0, NULL);
INSERT INTO [dbo].[PAY2_RUN_LINE] ([RUN_ID], [EMP_ID], [WORK_DAYS], [GROSS_PAY], [INS_BASE], [INS_WORKER], [INS_EMPLOYER], [TAX_BASE], [TAX_AMOUNT], [LOAN_DED], [ADVANCE_DED], [OTHER_DED], [TOTAL_DED], [NET_PAY], [LOAN_BALANCE], [ADVANCE_BALANCE_SNAP], [LEAVE_BAL_DAYS])
VALUES (9, 3, 31.00, 64693990, 58346995, 4084289, 13419808, 0, 0, 0, 0, 0, 4084289, 60610000, 0, 0, NULL);
INSERT INTO [dbo].[PAY2_RUN_LINE] ([RUN_ID], [EMP_ID], [WORK_DAYS], [GROSS_PAY], [INS_BASE], [INS_WORKER], [INS_EMPLOYER], [TAX_BASE], [TAX_AMOUNT], [LOAN_DED], [ADVANCE_DED], [OTHER_DED], [TOTAL_DED], [NET_PAY], [LOAN_BALANCE], [ADVANCE_BALANCE_SNAP], [LEAVE_BAL_DAYS])
VALUES (9, 4, 0.00, 52000000, 52000000, 3640000, 11960000, 0, 0, 0, 0, 0, 3640000, 48360000, 0, 0, NULL);
INSERT INTO [dbo].[PAY2_RUN_LINE] ([RUN_ID], [EMP_ID], [WORK_DAYS], [GROSS_PAY], [INS_BASE], [INS_WORKER], [INS_EMPLOYER], [TAX_BASE], [TAX_AMOUNT], [LOAN_DED], [ADVANCE_DED], [OTHER_DED], [TOTAL_DED], [NET_PAY], [LOAN_BALANCE], [ADVANCE_BALANCE_SNAP], [LEAVE_BAL_DAYS])
VALUES (9, 5, 31.00, 145620732, 57726578, 4040860, 13277112, 0, 0, 0, 0, 0, 4040860, 141580000, 0, 0, NULL);
INSERT INTO [dbo].[PAY2_RUN_LINE] ([RUN_ID], [EMP_ID], [WORK_DAYS], [GROSS_PAY], [INS_BASE], [INS_WORKER], [INS_EMPLOYER], [TAX_BASE], [TAX_AMOUNT], [LOAN_DED], [ADVANCE_DED], [OTHER_DED], [TOTAL_DED], [NET_PAY], [LOAN_BALANCE], [ADVANCE_BALANCE_SNAP], [LEAVE_BAL_DAYS])
VALUES (9, 6, 31.00, 74650930, 65825465, 4607782, 15139856, 0, 0, 0, 0, 0, 4607782, 70043000, 0, 0, NULL);
INSERT INTO [dbo].[PAY2_RUN_LINE] ([RUN_ID], [EMP_ID], [WORK_DAYS], [GROSS_PAY], [INS_BASE], [INS_WORKER], [INS_EMPLOYER], [TAX_BASE], [TAX_AMOUNT], [LOAN_DED], [ADVANCE_DED], [OTHER_DED], [TOTAL_DED], [NET_PAY], [LOAN_BALANCE], [ADVANCE_BALANCE_SNAP], [LEAVE_BAL_DAYS])
VALUES (9, 7, 31.00, 98915966, 87957983, 6157058, 20230336, 0, 0, 0, 0, 0, 6157058, 92759000, 0, 0, NULL);
INSERT INTO [dbo].[PAY2_RUN_LINE] ([RUN_ID], [EMP_ID], [WORK_DAYS], [GROSS_PAY], [INS_BASE], [INS_WORKER], [INS_EMPLOYER], [TAX_BASE], [TAX_AMOUNT], [LOAN_DED], [ADVANCE_DED], [OTHER_DED], [TOTAL_DED], [NET_PAY], [LOAN_BALANCE], [ADVANCE_BALANCE_SNAP], [LEAVE_BAL_DAYS])
VALUES (9, 8, 31.00, 0, 0, 0, 0, 0, 0, 0, 0, 0, 0, 0, 0, 0, NULL);
INSERT INTO [dbo].[PAY2_RUN_LINE] ([RUN_ID], [EMP_ID], [WORK_DAYS], [GROSS_PAY], [INS_BASE], [INS_WORKER], [INS_EMPLOYER], [TAX_BASE], [TAX_AMOUNT], [LOAN_DED], [ADVANCE_DED], [OTHER_DED], [TOTAL_DED], [NET_PAY], [LOAN_BALANCE], [ADVANCE_BALANCE_SNAP], [LEAVE_BAL_DAYS])
VALUES (9, 9, 31.00, 222709794, 65897687, 4612838, 15156468, 10535949, 1053594, 0, 0, 0, 5666432, 217043000, 0, 0, NULL);
INSERT INTO [dbo].[PAY2_RUN_LINE] ([RUN_ID], [EMP_ID], [WORK_DAYS], [GROSS_PAY], [INS_BASE], [INS_WORKER], [INS_EMPLOYER], [TAX_BASE], [TAX_AMOUNT], [LOAN_DED], [ADVANCE_DED], [OTHER_DED], [TOTAL_DED], [NET_PAY], [LOAN_BALANCE], [ADVANCE_BALANCE_SNAP], [LEAVE_BAL_DAYS])
VALUES (9, 10, 31.00, 239655444, 64156984, 4490988, 14756106, 8917096, 891709, 0, 0, 0, 5382697, 234273000, 0, 0, NULL);
INSERT INTO [dbo].[PAY2_RUN_LINE] ([RUN_ID], [EMP_ID], [WORK_DAYS], [GROSS_PAY], [INS_BASE], [INS_WORKER], [INS_EMPLOYER], [TAX_BASE], [TAX_AMOUNT], [LOAN_DED], [ADVANCE_DED], [OTHER_DED], [TOTAL_DED], [NET_PAY], [LOAN_BALANCE], [ADVANCE_BALANCE_SNAP], [LEAVE_BAL_DAYS])
VALUES (9, 11, 31.00, 261629265, 64045057, 4483153, 14730363, 42064104, 4206410, 0, 0, 0, 8689563, 252940000, 0, 0, NULL);
INSERT INTO [dbo].[PAY2_RUN_LINE] ([RUN_ID], [EMP_ID], [WORK_DAYS], [GROSS_PAY], [INS_BASE], [INS_WORKER], [INS_EMPLOYER], [TAX_BASE], [TAX_AMOUNT], [LOAN_DED], [ADVANCE_DED], [OTHER_DED], [TOTAL_DED], [NET_PAY], [LOAN_BALANCE], [ADVANCE_BALANCE_SNAP], [LEAVE_BAL_DAYS])
VALUES (9, 12, 31.00, 200028207, 64455574, 4511890, 14824782, 0, 0, 0, 0, 0, 4511890, 195516000, 0, 0, NULL);
INSERT INTO [dbo].[PAY2_RUN_LINE] ([RUN_ID], [EMP_ID], [WORK_DAYS], [GROSS_PAY], [INS_BASE], [INS_WORKER], [INS_EMPLOYER], [TAX_BASE], [TAX_AMOUNT], [LOAN_DED], [ADVANCE_DED], [OTHER_DED], [TOTAL_DED], [NET_PAY], [LOAN_BALANCE], [ADVANCE_BALANCE_SNAP], [LEAVE_BAL_DAYS])
VALUES (9, 13, 31.00, 259363345, 65797882, 4605851, 15133512, 0, 0, 0, 0, 0, 4605851, 254757000, 0, 0, NULL);
INSERT INTO [dbo].[PAY2_RUN_LINE] ([RUN_ID], [EMP_ID], [WORK_DAYS], [GROSS_PAY], [INS_BASE], [INS_WORKER], [INS_EMPLOYER], [TAX_BASE], [TAX_AMOUNT], [LOAN_DED], [ADVANCE_DED], [OTHER_DED], [TOTAL_DED], [NET_PAY], [LOAN_BALANCE], [ADVANCE_BALANCE_SNAP], [LEAVE_BAL_DAYS])
VALUES (9, 14, 31.00, 169827445, 62726578, 4390860, 14427112, 0, 0, 0, 0, 0, 4390860, 165437000, 0, 0, NULL);
INSERT INTO [dbo].[PAY2_RUN_LINE] ([RUN_ID], [EMP_ID], [WORK_DAYS], [GROSS_PAY], [INS_BASE], [INS_WORKER], [INS_EMPLOYER], [TAX_BASE], [TAX_AMOUNT], [LOAN_DED], [ADVANCE_DED], [OTHER_DED], [TOTAL_DED], [NET_PAY], [LOAN_BALANCE], [ADVANCE_BALANCE_SNAP], [LEAVE_BAL_DAYS])
VALUES (9, 15, 31.00, 212733952, 63739391, 4461757, 14660059, 41779834, 4177983, 0, 0, 0, 8639740, 204094000, 0, 0, NULL);
INSERT INTO [dbo].[PAY2_RUN_LINE] ([RUN_ID], [EMP_ID], [WORK_DAYS], [GROSS_PAY], [INS_BASE], [INS_WORKER], [INS_EMPLOYER], [TAX_BASE], [TAX_AMOUNT], [LOAN_DED], [ADVANCE_DED], [OTHER_DED], [TOTAL_DED], [NET_PAY], [LOAN_BALANCE], [ADVANCE_BALANCE_SNAP], [LEAVE_BAL_DAYS])
VALUES (10, 1, 31.00, 0, 0, 0, 0, 0, 0, 0, 0, 0, 0, 0, 0, 0, NULL);
INSERT INTO [dbo].[PAY2_RUN_LINE] ([RUN_ID], [EMP_ID], [WORK_DAYS], [GROSS_PAY], [INS_BASE], [INS_WORKER], [INS_EMPLOYER], [TAX_BASE], [TAX_AMOUNT], [LOAN_DED], [ADVANCE_DED], [OTHER_DED], [TOTAL_DED], [NET_PAY], [LOAN_BALANCE], [ADVANCE_BALANCE_SNAP], [LEAVE_BAL_DAYS])
VALUES (10, 2, 31.00, 81717507, 57898800, 4052916, 13316724, 0, 0, 0, 0, 0, 4052916, 77665000, 0, 0, NULL);
INSERT INTO [dbo].[PAY2_RUN_LINE] ([RUN_ID], [EMP_ID], [WORK_DAYS], [GROSS_PAY], [INS_BASE], [INS_WORKER], [INS_EMPLOYER], [TAX_BASE], [TAX_AMOUNT], [LOAN_DED], [ADVANCE_DED], [OTHER_DED], [TOTAL_DED], [NET_PAY], [LOAN_BALANCE], [ADVANCE_BALANCE_SNAP], [LEAVE_BAL_DAYS])
VALUES (10, 3, 31.00, 64693990, 58346995, 4084289, 13419808, 0, 0, 0, 0, 0, 4084289, 60610000, 0, 0, NULL);
INSERT INTO [dbo].[PAY2_RUN_LINE] ([RUN_ID], [EMP_ID], [WORK_DAYS], [GROSS_PAY], [INS_BASE], [INS_WORKER], [INS_EMPLOYER], [TAX_BASE], [TAX_AMOUNT], [LOAN_DED], [ADVANCE_DED], [OTHER_DED], [TOTAL_DED], [NET_PAY], [LOAN_BALANCE], [ADVANCE_BALANCE_SNAP], [LEAVE_BAL_DAYS])
VALUES (10, 4, 0.00, 52000000, 52000000, 3640000, 11960000, 0, 0, 0, 0, 0, 3640000, 48360000, 0, 0, NULL);
INSERT INTO [dbo].[PAY2_RUN_LINE] ([RUN_ID], [EMP_ID], [WORK_DAYS], [GROSS_PAY], [INS_BASE], [INS_WORKER], [INS_EMPLOYER], [TAX_BASE], [TAX_AMOUNT], [LOAN_DED], [ADVANCE_DED], [OTHER_DED], [TOTAL_DED], [NET_PAY], [LOAN_BALANCE], [ADVANCE_BALANCE_SNAP], [LEAVE_BAL_DAYS])
VALUES (10, 5, 31.00, 145620732, 57726578, 4040860, 13277112, 0, 0, 0, 0, 0, 4040860, 141580000, 0, 0, NULL);
INSERT INTO [dbo].[PAY2_RUN_LINE] ([RUN_ID], [EMP_ID], [WORK_DAYS], [GROSS_PAY], [INS_BASE], [INS_WORKER], [INS_EMPLOYER], [TAX_BASE], [TAX_AMOUNT], [LOAN_DED], [ADVANCE_DED], [OTHER_DED], [TOTAL_DED], [NET_PAY], [LOAN_BALANCE], [ADVANCE_BALANCE_SNAP], [LEAVE_BAL_DAYS])
VALUES (10, 6, 31.00, 74650930, 65825465, 4607782, 15139856, 0, 0, 0, 0, 0, 4607782, 70043000, 0, 0, NULL);
INSERT INTO [dbo].[PAY2_RUN_LINE] ([RUN_ID], [EMP_ID], [WORK_DAYS], [GROSS_PAY], [INS_BASE], [INS_WORKER], [INS_EMPLOYER], [TAX_BASE], [TAX_AMOUNT], [LOAN_DED], [ADVANCE_DED], [OTHER_DED], [TOTAL_DED], [NET_PAY], [LOAN_BALANCE], [ADVANCE_BALANCE_SNAP], [LEAVE_BAL_DAYS])
VALUES (10, 7, 31.00, 98915966, 87957983, 6157058, 20230336, 0, 0, 0, 0, 0, 6157058, 92759000, 0, 0, NULL);
INSERT INTO [dbo].[PAY2_RUN_LINE] ([RUN_ID], [EMP_ID], [WORK_DAYS], [GROSS_PAY], [INS_BASE], [INS_WORKER], [INS_EMPLOYER], [TAX_BASE], [TAX_AMOUNT], [LOAN_DED], [ADVANCE_DED], [OTHER_DED], [TOTAL_DED], [NET_PAY], [LOAN_BALANCE], [ADVANCE_BALANCE_SNAP], [LEAVE_BAL_DAYS])
VALUES (10, 8, 31.00, 0, 0, 0, 0, 0, 0, 0, 0, 0, 0, 0, 0, 0, NULL);
INSERT INTO [dbo].[PAY2_RUN_LINE] ([RUN_ID], [EMP_ID], [WORK_DAYS], [GROSS_PAY], [INS_BASE], [INS_WORKER], [INS_EMPLOYER], [TAX_BASE], [TAX_AMOUNT], [LOAN_DED], [ADVANCE_DED], [OTHER_DED], [TOTAL_DED], [NET_PAY], [LOAN_BALANCE], [ADVANCE_BALANCE_SNAP], [LEAVE_BAL_DAYS])
VALUES (10, 9, 31.00, 222709794, 65897687, 4612838, 15156468, 10535949, 1053594, 0, 0, 0, 5666432, 217043000, 0, 0, NULL);
INSERT INTO [dbo].[PAY2_RUN_LINE] ([RUN_ID], [EMP_ID], [WORK_DAYS], [GROSS_PAY], [INS_BASE], [INS_WORKER], [INS_EMPLOYER], [TAX_BASE], [TAX_AMOUNT], [LOAN_DED], [ADVANCE_DED], [OTHER_DED], [TOTAL_DED], [NET_PAY], [LOAN_BALANCE], [ADVANCE_BALANCE_SNAP], [LEAVE_BAL_DAYS])
VALUES (10, 10, 31.00, 239655444, 64156984, 4490988, 14756106, 8917096, 891709, 0, 0, 0, 5382697, 234273000, 0, 0, NULL);
INSERT INTO [dbo].[PAY2_RUN_LINE] ([RUN_ID], [EMP_ID], [WORK_DAYS], [GROSS_PAY], [INS_BASE], [INS_WORKER], [INS_EMPLOYER], [TAX_BASE], [TAX_AMOUNT], [LOAN_DED], [ADVANCE_DED], [OTHER_DED], [TOTAL_DED], [NET_PAY], [LOAN_BALANCE], [ADVANCE_BALANCE_SNAP], [LEAVE_BAL_DAYS])
VALUES (10, 11, 31.00, 261629265, 64045057, 4483153, 14730363, 42064104, 4206410, 0, 0, 0, 8689563, 252940000, 0, 0, NULL);
INSERT INTO [dbo].[PAY2_RUN_LINE] ([RUN_ID], [EMP_ID], [WORK_DAYS], [GROSS_PAY], [INS_BASE], [INS_WORKER], [INS_EMPLOYER], [TAX_BASE], [TAX_AMOUNT], [LOAN_DED], [ADVANCE_DED], [OTHER_DED], [TOTAL_DED], [NET_PAY], [LOAN_BALANCE], [ADVANCE_BALANCE_SNAP], [LEAVE_BAL_DAYS])
VALUES (10, 12, 31.00, 200028207, 64455574, 4511890, 14824782, 0, 0, 0, 0, 0, 4511890, 195516000, 0, 0, NULL);
INSERT INTO [dbo].[PAY2_RUN_LINE] ([RUN_ID], [EMP_ID], [WORK_DAYS], [GROSS_PAY], [INS_BASE], [INS_WORKER], [INS_EMPLOYER], [TAX_BASE], [TAX_AMOUNT], [LOAN_DED], [ADVANCE_DED], [OTHER_DED], [TOTAL_DED], [NET_PAY], [LOAN_BALANCE], [ADVANCE_BALANCE_SNAP], [LEAVE_BAL_DAYS])
VALUES (10, 13, 31.00, 259363345, 65797882, 4605851, 15133512, 0, 0, 0, 0, 0, 4605851, 254757000, 0, 0, NULL);
INSERT INTO [dbo].[PAY2_RUN_LINE] ([RUN_ID], [EMP_ID], [WORK_DAYS], [GROSS_PAY], [INS_BASE], [INS_WORKER], [INS_EMPLOYER], [TAX_BASE], [TAX_AMOUNT], [LOAN_DED], [ADVANCE_DED], [OTHER_DED], [TOTAL_DED], [NET_PAY], [LOAN_BALANCE], [ADVANCE_BALANCE_SNAP], [LEAVE_BAL_DAYS])
VALUES (10, 14, 31.00, 169827445, 62726578, 4390860, 14427112, 0, 0, 0, 0, 0, 4390860, 165437000, 0, 0, NULL);
INSERT INTO [dbo].[PAY2_RUN_LINE] ([RUN_ID], [EMP_ID], [WORK_DAYS], [GROSS_PAY], [INS_BASE], [INS_WORKER], [INS_EMPLOYER], [TAX_BASE], [TAX_AMOUNT], [LOAN_DED], [ADVANCE_DED], [OTHER_DED], [TOTAL_DED], [NET_PAY], [LOAN_BALANCE], [ADVANCE_BALANCE_SNAP], [LEAVE_BAL_DAYS])
VALUES (10, 15, 31.00, 212733952, 63739391, 4461757, 14660059, 41779834, 4177983, 0, 0, 0, 8639740, 204094000, 0, 0, NULL);
INSERT INTO [dbo].[PAY2_RUN_LINE] ([RUN_ID], [EMP_ID], [WORK_DAYS], [GROSS_PAY], [INS_BASE], [INS_WORKER], [INS_EMPLOYER], [TAX_BASE], [TAX_AMOUNT], [LOAN_DED], [ADVANCE_DED], [OTHER_DED], [TOTAL_DED], [NET_PAY], [LOAN_BALANCE], [ADVANCE_BALANCE_SNAP], [LEAVE_BAL_DAYS])
VALUES (37, 1, 31.00, 321763963, 321763963, 22523477, 74005711, 0, 0, 0, 0, 0, 22523477, 299240000, 0, 0, NULL);
INSERT INTO [dbo].[PAY2_RUN_LINE] ([RUN_ID], [EMP_ID], [WORK_DAYS], [GROSS_PAY], [INS_BASE], [INS_WORKER], [INS_EMPLOYER], [TAX_BASE], [TAX_AMOUNT], [LOAN_DED], [ADVANCE_DED], [OTHER_DED], [TOTAL_DED], [NET_PAY], [LOAN_BALANCE], [ADVANCE_BALANCE_SNAP], [LEAVE_BAL_DAYS])
VALUES (37, 2, 31.00, 246883934, 52000000, 3640000, 11960000, 0, 0, 0, 0, 0, 3640000, 243244000, 0, 0, 26.00);
INSERT INTO [dbo].[PAY2_RUN_LINE] ([RUN_ID], [EMP_ID], [WORK_DAYS], [GROSS_PAY], [INS_BASE], [INS_WORKER], [INS_EMPLOYER], [TAX_BASE], [TAX_AMOUNT], [LOAN_DED], [ADVANCE_DED], [OTHER_DED], [TOTAL_DED], [NET_PAY], [LOAN_BALANCE], [ADVANCE_BALANCE_SNAP], [LEAVE_BAL_DAYS])
VALUES (37, 3, 31.00, 242409874, 52000000, 3640000, 11960000, 0, 0, 0, 0, 0, 3640000, 238770000, 0, 0, NULL);
INSERT INTO [dbo].[PAY2_RUN_LINE] ([RUN_ID], [EMP_ID], [WORK_DAYS], [GROSS_PAY], [INS_BASE], [INS_WORKER], [INS_EMPLOYER], [TAX_BASE], [TAX_AMOUNT], [LOAN_DED], [ADVANCE_DED], [OTHER_DED], [TOTAL_DED], [NET_PAY], [LOAN_BALANCE], [ADVANCE_BALANCE_SNAP], [LEAVE_BAL_DAYS])
VALUES (37, 4, 0.00, 0, 233189389, 16323257, 53633559, 0, 0, 0, 0, 0, 16323257, -16323000, 0, 0, NULL);
INSERT INTO [dbo].[PAY2_RUN_LINE] ([RUN_ID], [EMP_ID], [WORK_DAYS], [GROSS_PAY], [INS_BASE], [INS_WORKER], [INS_EMPLOYER], [TAX_BASE], [TAX_AMOUNT], [LOAN_DED], [ADVANCE_DED], [OTHER_DED], [TOTAL_DED], [NET_PAY], [LOAN_BALANCE], [ADVANCE_BALANCE_SNAP], [LEAVE_BAL_DAYS])
VALUES (37, 5, 31.00, 305964926, 52000000, 3640000, 11960000, 0, 0, 0, 0, 0, 3640000, 302325000, 0, 0, NULL);
INSERT INTO [dbo].[PAY2_RUN_LINE] ([RUN_ID], [EMP_ID], [WORK_DAYS], [GROSS_PAY], [INS_BASE], [INS_WORKER], [INS_EMPLOYER], [TAX_BASE], [TAX_AMOUNT], [LOAN_DED], [ADVANCE_DED], [OTHER_DED], [TOTAL_DED], [NET_PAY], [LOAN_BALANCE], [ADVANCE_BALANCE_SNAP], [LEAVE_BAL_DAYS])
VALUES (37, 6, 31.00, 321763963, 57000000, 3990000, 13110000, 0, 0, 0, 0, 0, 3990000, 317774000, 0, 0, NULL);
INSERT INTO [dbo].[PAY2_RUN_LINE] ([RUN_ID], [EMP_ID], [WORK_DAYS], [GROSS_PAY], [INS_BASE], [INS_WORKER], [INS_EMPLOYER], [TAX_BASE], [TAX_AMOUNT], [LOAN_DED], [ADVANCE_DED], [OTHER_DED], [TOTAL_DED], [NET_PAY], [LOAN_BALANCE], [ADVANCE_BALANCE_SNAP], [LEAVE_BAL_DAYS])
VALUES (37, 7, 31.00, 405739500, 77000000, 5390000, 17710000, 0, 0, 0, 0, 0, 5390000, 400350000, 0, 0, 26.00);
INSERT INTO [dbo].[PAY2_RUN_LINE] ([RUN_ID], [EMP_ID], [WORK_DAYS], [GROSS_PAY], [INS_BASE], [INS_WORKER], [INS_EMPLOYER], [TAX_BASE], [TAX_AMOUNT], [LOAN_DED], [ADVANCE_DED], [OTHER_DED], [TOTAL_DED], [NET_PAY], [LOAN_BALANCE], [ADVANCE_BALANCE_SNAP], [LEAVE_BAL_DAYS])
VALUES (37, 8, 31.00, 331136510, 57000000, 3990000, 13110000, 0, 0, 0, 0, 0, 3990000, 327147000, 0, 0, NULL);
INSERT INTO [dbo].[PAY2_RUN_LINE] ([RUN_ID], [EMP_ID], [WORK_DAYS], [GROSS_PAY], [INS_BASE], [INS_WORKER], [INS_EMPLOYER], [TAX_BASE], [TAX_AMOUNT], [LOAN_DED], [ADVANCE_DED], [OTHER_DED], [TOTAL_DED], [NET_PAY], [LOAN_BALANCE], [ADVANCE_BALANCE_SNAP], [LEAVE_BAL_DAYS])
VALUES (37, 9, 31.00, 532937757, 57000000, 3990000, 13110000, 0, 0, 0, 0, 0, 3990000, 528948000, 0, 0, NULL);
INSERT INTO [dbo].[PAY2_RUN_LINE] ([RUN_ID], [EMP_ID], [WORK_DAYS], [GROSS_PAY], [INS_BASE], [INS_WORKER], [INS_EMPLOYER], [TAX_BASE], [TAX_AMOUNT], [LOAN_DED], [ADVANCE_DED], [OTHER_DED], [TOTAL_DED], [NET_PAY], [LOAN_BALANCE], [ADVANCE_BALANCE_SNAP], [LEAVE_BAL_DAYS])
VALUES (37, 10, 31.00, 488360655, 57000000, 3990000, 13110000, 0, 0, 0, 0, 0, 3990000, 484371000, 0, 0, NULL);
INSERT INTO [dbo].[PAY2_RUN_LINE] ([RUN_ID], [EMP_ID], [WORK_DAYS], [GROSS_PAY], [INS_BASE], [INS_WORKER], [INS_EMPLOYER], [TAX_BASE], [TAX_AMOUNT], [LOAN_DED], [ADVANCE_DED], [OTHER_DED], [TOTAL_DED], [NET_PAY], [LOAN_BALANCE], [ADVANCE_BALANCE_SNAP], [LEAVE_BAL_DAYS])
VALUES (37, 11, 31.00, 506436977, 57000000, 3990000, 13110000, 0, 0, 0, 0, 0, 3990000, 502447000, 0, 0, NULL);
INSERT INTO [dbo].[PAY2_RUN_LINE] ([RUN_ID], [EMP_ID], [WORK_DAYS], [GROSS_PAY], [INS_BASE], [INS_WORKER], [INS_EMPLOYER], [TAX_BASE], [TAX_AMOUNT], [LOAN_DED], [ADVANCE_DED], [OTHER_DED], [TOTAL_DED], [NET_PAY], [LOAN_BALANCE], [ADVANCE_BALANCE_SNAP], [LEAVE_BAL_DAYS])
VALUES (37, 12, 31.00, 459101365, 57000000, 3990000, 13110000, 0, 0, 0, 0, 0, 3990000, 455111000, 0, 0, 26.00);
INSERT INTO [dbo].[PAY2_RUN_LINE] ([RUN_ID], [EMP_ID], [WORK_DAYS], [GROSS_PAY], [INS_BASE], [INS_WORKER], [INS_EMPLOYER], [TAX_BASE], [TAX_AMOUNT], [LOAN_DED], [ADVANCE_DED], [OTHER_DED], [TOTAL_DED], [NET_PAY], [LOAN_BALANCE], [ADVANCE_BALANCE_SNAP], [LEAVE_BAL_DAYS])
VALUES (37, 13, 31.00, 505704061, 57000000, 3990000, 13110000, 0, 0, 0, 0, 0, 3990000, 501714000, 0, 0, NULL);
INSERT INTO [dbo].[PAY2_RUN_LINE] ([RUN_ID], [EMP_ID], [WORK_DAYS], [GROSS_PAY], [INS_BASE], [INS_WORKER], [INS_EMPLOYER], [TAX_BASE], [TAX_AMOUNT], [LOAN_DED], [ADVANCE_DED], [OTHER_DED], [TOTAL_DED], [NET_PAY], [LOAN_BALANCE], [ADVANCE_BALANCE_SNAP], [LEAVE_BAL_DAYS])
VALUES (37, 14, 31.00, 330171639, 57000000, 3990000, 13110000, 0, 0, 0, 0, 0, 3990000, 326182000, 0, 0, 26.00);
INSERT INTO [dbo].[PAY2_RUN_LINE] ([RUN_ID], [EMP_ID], [WORK_DAYS], [GROSS_PAY], [INS_BASE], [INS_WORKER], [INS_EMPLOYER], [TAX_BASE], [TAX_AMOUNT], [LOAN_DED], [ADVANCE_DED], [OTHER_DED], [TOTAL_DED], [NET_PAY], [LOAN_BALANCE], [ADVANCE_BALANCE_SNAP], [LEAVE_BAL_DAYS])
VALUES (37, 15, 31.00, 401436922, 57000000, 3990000, 13110000, 0, 0, 0, 0, 0, 3990000, 397447000, 0, 0, NULL);
INSERT INTO [dbo].[PAY2_RUN_LINE] ([RUN_ID], [EMP_ID], [WORK_DAYS], [GROSS_PAY], [INS_BASE], [INS_WORKER], [INS_EMPLOYER], [TAX_BASE], [TAX_AMOUNT], [LOAN_DED], [ADVANCE_DED], [OTHER_DED], [TOTAL_DED], [NET_PAY], [LOAN_BALANCE], [ADVANCE_BALANCE_SNAP], [LEAVE_BAL_DAYS])
VALUES (37, 16, 1.00, 800000000, 0, 0, 0, 0, 0, 0, 0, 0, 0, 800000000, 0, 0, NULL);
GO

-- PAY2_RUN_DETAIL: 552 row(s)
INSERT INTO [dbo].[PAY2_RUN_DETAIL] ([RUN_ID], [EMP_ID], [ITEM_ID], [AMOUNT], [INS_SUBJECT], [TAX_SUBJECT])
VALUES (3, 9, 1, 7864353, 0, 0);
INSERT INTO [dbo].[PAY2_RUN_DETAIL] ([RUN_ID], [EMP_ID], [ITEM_ID], [AMOUNT], [INS_SUBJECT], [TAX_SUBJECT])
VALUES (3, 9, 2, 8897687, 1, 1);
INSERT INTO [dbo].[PAY2_RUN_DETAIL] ([RUN_ID], [EMP_ID], [ITEM_ID], [AMOUNT], [INS_SUBJECT], [TAX_SUBJECT])
VALUES (3, 9, 3, 30000000, 1, 1);
INSERT INTO [dbo].[PAY2_RUN_DETAIL] ([RUN_ID], [EMP_ID], [ITEM_ID], [AMOUNT], [INS_SUBJECT], [TAX_SUBJECT])
VALUES (3, 9, 4, 33251100, 0, 1);
INSERT INTO [dbo].[PAY2_RUN_DETAIL] ([RUN_ID], [EMP_ID], [ITEM_ID], [AMOUNT], [INS_SUBJECT], [TAX_SUBJECT])
VALUES (3, 9, 5, 5000000, 1, 1);
INSERT INTO [dbo].[PAY2_RUN_DETAIL] ([RUN_ID], [EMP_ID], [ITEM_ID], [AMOUNT], [INS_SUBJECT], [TAX_SUBJECT])
VALUES (3, 9, 6, 0, 1, 1);
INSERT INTO [dbo].[PAY2_RUN_DETAIL] ([RUN_ID], [EMP_ID], [ITEM_ID], [AMOUNT], [INS_SUBJECT], [TAX_SUBJECT])
VALUES (3, 9, 7, 0, 0, 0);
INSERT INTO [dbo].[PAY2_RUN_DETAIL] ([RUN_ID], [EMP_ID], [ITEM_ID], [AMOUNT], [INS_SUBJECT], [TAX_SUBJECT])
VALUES (3, 9, 12, 1602196, 1, 1);
INSERT INTO [dbo].[PAY2_RUN_DETAIL] ([RUN_ID], [EMP_ID], [ITEM_ID], [AMOUNT], [INS_SUBJECT], [TAX_SUBJECT])
VALUES (3, 9, 13, 1001372, 1, 1);
INSERT INTO [dbo].[PAY2_RUN_DETAIL] ([RUN_ID], [EMP_ID], [ITEM_ID], [AMOUNT], [INS_SUBJECT], [TAX_SUBJECT])
VALUES (3, 9, 17, 3255087, 0, 0);
INSERT INTO [dbo].[PAY2_RUN_DETAIL] ([RUN_ID], [EMP_ID], [ITEM_ID], [AMOUNT], [INS_SUBJECT], [TAX_SUBJECT])
VALUES (4, 9, 1, 7864353, 0, 0);
INSERT INTO [dbo].[PAY2_RUN_DETAIL] ([RUN_ID], [EMP_ID], [ITEM_ID], [AMOUNT], [INS_SUBJECT], [TAX_SUBJECT])
VALUES (4, 9, 2, 8897687, 1, 1);
INSERT INTO [dbo].[PAY2_RUN_DETAIL] ([RUN_ID], [EMP_ID], [ITEM_ID], [AMOUNT], [INS_SUBJECT], [TAX_SUBJECT])
VALUES (4, 9, 3, 30000000, 1, 1);
INSERT INTO [dbo].[PAY2_RUN_DETAIL] ([RUN_ID], [EMP_ID], [ITEM_ID], [AMOUNT], [INS_SUBJECT], [TAX_SUBJECT])
VALUES (4, 9, 4, 33251100, 0, 1);
INSERT INTO [dbo].[PAY2_RUN_DETAIL] ([RUN_ID], [EMP_ID], [ITEM_ID], [AMOUNT], [INS_SUBJECT], [TAX_SUBJECT])
VALUES (4, 9, 5, 5000000, 1, 1);
INSERT INTO [dbo].[PAY2_RUN_DETAIL] ([RUN_ID], [EMP_ID], [ITEM_ID], [AMOUNT], [INS_SUBJECT], [TAX_SUBJECT])
VALUES (4, 9, 6, 0, 1, 1);
INSERT INTO [dbo].[PAY2_RUN_DETAIL] ([RUN_ID], [EMP_ID], [ITEM_ID], [AMOUNT], [INS_SUBJECT], [TAX_SUBJECT])
VALUES (4, 9, 7, 0, 0, 0);
INSERT INTO [dbo].[PAY2_RUN_DETAIL] ([RUN_ID], [EMP_ID], [ITEM_ID], [AMOUNT], [INS_SUBJECT], [TAX_SUBJECT])
VALUES (4, 9, 12, 1602196, 1, 1);
INSERT INTO [dbo].[PAY2_RUN_DETAIL] ([RUN_ID], [EMP_ID], [ITEM_ID], [AMOUNT], [INS_SUBJECT], [TAX_SUBJECT])
VALUES (4, 9, 13, 1001372, 1, 1);
INSERT INTO [dbo].[PAY2_RUN_DETAIL] ([RUN_ID], [EMP_ID], [ITEM_ID], [AMOUNT], [INS_SUBJECT], [TAX_SUBJECT])
VALUES (4, 9, 17, 3255087, 0, 0);
INSERT INTO [dbo].[PAY2_RUN_DETAIL] ([RUN_ID], [EMP_ID], [ITEM_ID], [AMOUNT], [INS_SUBJECT], [TAX_SUBJECT])
VALUES (5, 9, 1, 7864353, 0, 0);
INSERT INTO [dbo].[PAY2_RUN_DETAIL] ([RUN_ID], [EMP_ID], [ITEM_ID], [AMOUNT], [INS_SUBJECT], [TAX_SUBJECT])
VALUES (5, 9, 2, 8897687, 1, 1);
INSERT INTO [dbo].[PAY2_RUN_DETAIL] ([RUN_ID], [EMP_ID], [ITEM_ID], [AMOUNT], [INS_SUBJECT], [TAX_SUBJECT])
VALUES (5, 9, 3, 30000000, 1, 1);
INSERT INTO [dbo].[PAY2_RUN_DETAIL] ([RUN_ID], [EMP_ID], [ITEM_ID], [AMOUNT], [INS_SUBJECT], [TAX_SUBJECT])
VALUES (5, 9, 4, 33251100, 0, 1);
INSERT INTO [dbo].[PAY2_RUN_DETAIL] ([RUN_ID], [EMP_ID], [ITEM_ID], [AMOUNT], [INS_SUBJECT], [TAX_SUBJECT])
VALUES (5, 9, 5, 5000000, 1, 1);
INSERT INTO [dbo].[PAY2_RUN_DETAIL] ([RUN_ID], [EMP_ID], [ITEM_ID], [AMOUNT], [INS_SUBJECT], [TAX_SUBJECT])
VALUES (5, 9, 6, 0, 1, 1);
INSERT INTO [dbo].[PAY2_RUN_DETAIL] ([RUN_ID], [EMP_ID], [ITEM_ID], [AMOUNT], [INS_SUBJECT], [TAX_SUBJECT])
VALUES (5, 9, 7, 22000000, 1, 1);
INSERT INTO [dbo].[PAY2_RUN_DETAIL] ([RUN_ID], [EMP_ID], [ITEM_ID], [AMOUNT], [INS_SUBJECT], [TAX_SUBJECT])
VALUES (5, 9, 12, 46515392, 0, 0);
INSERT INTO [dbo].[PAY2_RUN_DETAIL] ([RUN_ID], [EMP_ID], [ITEM_ID], [AMOUNT], [INS_SUBJECT], [TAX_SUBJECT])
VALUES (5, 9, 13, 37378440, 0, 0);
INSERT INTO [dbo].[PAY2_RUN_DETAIL] ([RUN_ID], [EMP_ID], [ITEM_ID], [AMOUNT], [INS_SUBJECT], [TAX_SUBJECT])
VALUES (5, 9, 17, 4612838, 0, 0);
INSERT INTO [dbo].[PAY2_RUN_DETAIL] ([RUN_ID], [EMP_ID], [ITEM_ID], [AMOUNT], [INS_SUBJECT], [TAX_SUBJECT])
VALUES (5, 9, 18, 1053594, 0, 0);
INSERT INTO [dbo].[PAY2_RUN_DETAIL] ([RUN_ID], [EMP_ID], [ITEM_ID], [AMOUNT], [INS_SUBJECT], [TAX_SUBJECT])
VALUES (6, 2, 12, 0, 1, 1);
INSERT INTO [dbo].[PAY2_RUN_DETAIL] ([RUN_ID], [EMP_ID], [ITEM_ID], [AMOUNT], [INS_SUBJECT], [TAX_SUBJECT])
VALUES (6, 2, 13, 0, 1, 1);
INSERT INTO [dbo].[PAY2_RUN_DETAIL] ([RUN_ID], [EMP_ID], [ITEM_ID], [AMOUNT], [INS_SUBJECT], [TAX_SUBJECT])
VALUES (6, 5, 12, 0, 1, 1);
INSERT INTO [dbo].[PAY2_RUN_DETAIL] ([RUN_ID], [EMP_ID], [ITEM_ID], [AMOUNT], [INS_SUBJECT], [TAX_SUBJECT])
VALUES (6, 5, 13, 0, 1, 1);
INSERT INTO [dbo].[PAY2_RUN_DETAIL] ([RUN_ID], [EMP_ID], [ITEM_ID], [AMOUNT], [INS_SUBJECT], [TAX_SUBJECT])
VALUES (6, 8, 12, 0, 1, 1);
INSERT INTO [dbo].[PAY2_RUN_DETAIL] ([RUN_ID], [EMP_ID], [ITEM_ID], [AMOUNT], [INS_SUBJECT], [TAX_SUBJECT])
VALUES (6, 8, 13, 0, 1, 1);
INSERT INTO [dbo].[PAY2_RUN_DETAIL] ([RUN_ID], [EMP_ID], [ITEM_ID], [AMOUNT], [INS_SUBJECT], [TAX_SUBJECT])
VALUES (6, 9, 12, 0, 1, 1);
INSERT INTO [dbo].[PAY2_RUN_DETAIL] ([RUN_ID], [EMP_ID], [ITEM_ID], [AMOUNT], [INS_SUBJECT], [TAX_SUBJECT])
VALUES (6, 9, 13, 0, 1, 1);
INSERT INTO [dbo].[PAY2_RUN_DETAIL] ([RUN_ID], [EMP_ID], [ITEM_ID], [AMOUNT], [INS_SUBJECT], [TAX_SUBJECT])
VALUES (6, 10, 12, 0, 1, 1);
INSERT INTO [dbo].[PAY2_RUN_DETAIL] ([RUN_ID], [EMP_ID], [ITEM_ID], [AMOUNT], [INS_SUBJECT], [TAX_SUBJECT])
VALUES (6, 10, 13, 0, 1, 1);
INSERT INTO [dbo].[PAY2_RUN_DETAIL] ([RUN_ID], [EMP_ID], [ITEM_ID], [AMOUNT], [INS_SUBJECT], [TAX_SUBJECT])
VALUES (6, 11, 12, 0, 1, 1);
INSERT INTO [dbo].[PAY2_RUN_DETAIL] ([RUN_ID], [EMP_ID], [ITEM_ID], [AMOUNT], [INS_SUBJECT], [TAX_SUBJECT])
VALUES (6, 11, 13, 0, 1, 1);
INSERT INTO [dbo].[PAY2_RUN_DETAIL] ([RUN_ID], [EMP_ID], [ITEM_ID], [AMOUNT], [INS_SUBJECT], [TAX_SUBJECT])
VALUES (6, 12, 12, 0, 1, 1);
INSERT INTO [dbo].[PAY2_RUN_DETAIL] ([RUN_ID], [EMP_ID], [ITEM_ID], [AMOUNT], [INS_SUBJECT], [TAX_SUBJECT])
VALUES (6, 13, 12, 0, 1, 1);
INSERT INTO [dbo].[PAY2_RUN_DETAIL] ([RUN_ID], [EMP_ID], [ITEM_ID], [AMOUNT], [INS_SUBJECT], [TAX_SUBJECT])
VALUES (6, 13, 13, 0, 1, 1);
INSERT INTO [dbo].[PAY2_RUN_DETAIL] ([RUN_ID], [EMP_ID], [ITEM_ID], [AMOUNT], [INS_SUBJECT], [TAX_SUBJECT])
VALUES (6, 14, 12, 0, 1, 1);
INSERT INTO [dbo].[PAY2_RUN_DETAIL] ([RUN_ID], [EMP_ID], [ITEM_ID], [AMOUNT], [INS_SUBJECT], [TAX_SUBJECT])
VALUES (6, 15, 12, 0, 1, 1);
INSERT INTO [dbo].[PAY2_RUN_DETAIL] ([RUN_ID], [EMP_ID], [ITEM_ID], [AMOUNT], [INS_SUBJECT], [TAX_SUBJECT])
VALUES (6, 15, 13, 0, 1, 1);
INSERT INTO [dbo].[PAY2_RUN_DETAIL] ([RUN_ID], [EMP_ID], [ITEM_ID], [AMOUNT], [INS_SUBJECT], [TAX_SUBJECT])
VALUES (8, 2, 1, 5898800, 0, 0);
INSERT INTO [dbo].[PAY2_RUN_DETAIL] ([RUN_ID], [EMP_ID], [ITEM_ID], [AMOUNT], [INS_SUBJECT], [TAX_SUBJECT])
VALUES (8, 2, 2, 5898800, 1, 1);
INSERT INTO [dbo].[PAY2_RUN_DETAIL] ([RUN_ID], [EMP_ID], [ITEM_ID], [AMOUNT], [INS_SUBJECT], [TAX_SUBJECT])
VALUES (8, 2, 3, 30000000, 1, 1);
INSERT INTO [dbo].[PAY2_RUN_DETAIL] ([RUN_ID], [EMP_ID], [ITEM_ID], [AMOUNT], [INS_SUBJECT], [TAX_SUBJECT])
VALUES (8, 2, 7, 22000000, 1, 1);
INSERT INTO [dbo].[PAY2_RUN_DETAIL] ([RUN_ID], [EMP_ID], [ITEM_ID], [AMOUNT], [INS_SUBJECT], [TAX_SUBJECT])
VALUES (8, 2, 12, 10630454, 0, 0);
INSERT INTO [dbo].[PAY2_RUN_DETAIL] ([RUN_ID], [EMP_ID], [ITEM_ID], [AMOUNT], [INS_SUBJECT], [TAX_SUBJECT])
VALUES (8, 2, 13, 7289453, 0, 0);
INSERT INTO [dbo].[PAY2_RUN_DETAIL] ([RUN_ID], [EMP_ID], [ITEM_ID], [AMOUNT], [INS_SUBJECT], [TAX_SUBJECT])
VALUES (8, 2, 17, 4052916, 0, 0);
INSERT INTO [dbo].[PAY2_RUN_DETAIL] ([RUN_ID], [EMP_ID], [ITEM_ID], [AMOUNT], [INS_SUBJECT], [TAX_SUBJECT])
VALUES (8, 3, 1, 6346995, 0, 0);
INSERT INTO [dbo].[PAY2_RUN_DETAIL] ([RUN_ID], [EMP_ID], [ITEM_ID], [AMOUNT], [INS_SUBJECT], [TAX_SUBJECT])
VALUES (8, 3, 2, 6346995, 1, 1);
INSERT INTO [dbo].[PAY2_RUN_DETAIL] ([RUN_ID], [EMP_ID], [ITEM_ID], [AMOUNT], [INS_SUBJECT], [TAX_SUBJECT])
VALUES (8, 3, 3, 30000000, 1, 1);
INSERT INTO [dbo].[PAY2_RUN_DETAIL] ([RUN_ID], [EMP_ID], [ITEM_ID], [AMOUNT], [INS_SUBJECT], [TAX_SUBJECT])
VALUES (8, 3, 4, 0, 1, 0);
INSERT INTO [dbo].[PAY2_RUN_DETAIL] ([RUN_ID], [EMP_ID], [ITEM_ID], [AMOUNT], [INS_SUBJECT], [TAX_SUBJECT])
VALUES (8, 3, 6, 0, 1, 1);
INSERT INTO [dbo].[PAY2_RUN_DETAIL] ([RUN_ID], [EMP_ID], [ITEM_ID], [AMOUNT], [INS_SUBJECT], [TAX_SUBJECT])
VALUES (8, 3, 7, 22000000, 1, 1);
INSERT INTO [dbo].[PAY2_RUN_DETAIL] ([RUN_ID], [EMP_ID], [ITEM_ID], [AMOUNT], [INS_SUBJECT], [TAX_SUBJECT])
VALUES (8, 3, 12, 0, 0, 0);
INSERT INTO [dbo].[PAY2_RUN_DETAIL] ([RUN_ID], [EMP_ID], [ITEM_ID], [AMOUNT], [INS_SUBJECT], [TAX_SUBJECT])
VALUES (8, 3, 13, 0, 0, 0);
INSERT INTO [dbo].[PAY2_RUN_DETAIL] ([RUN_ID], [EMP_ID], [ITEM_ID], [AMOUNT], [INS_SUBJECT], [TAX_SUBJECT])
VALUES (8, 3, 17, 4084289, 0, 0);
INSERT INTO [dbo].[PAY2_RUN_DETAIL] ([RUN_ID], [EMP_ID], [ITEM_ID], [AMOUNT], [INS_SUBJECT], [TAX_SUBJECT])
VALUES (8, 4, 1, 0, 0, 0);
INSERT INTO [dbo].[PAY2_RUN_DETAIL] ([RUN_ID], [EMP_ID], [ITEM_ID], [AMOUNT], [INS_SUBJECT], [TAX_SUBJECT])
VALUES (8, 4, 2, 0, 1, 1);
INSERT INTO [dbo].[PAY2_RUN_DETAIL] ([RUN_ID], [EMP_ID], [ITEM_ID], [AMOUNT], [INS_SUBJECT], [TAX_SUBJECT])
VALUES (8, 4, 3, 30000000, 1, 1);
INSERT INTO [dbo].[PAY2_RUN_DETAIL] ([RUN_ID], [EMP_ID], [ITEM_ID], [AMOUNT], [INS_SUBJECT], [TAX_SUBJECT])
VALUES (8, 4, 4, 0, 1, 0);
INSERT INTO [dbo].[PAY2_RUN_DETAIL] ([RUN_ID], [EMP_ID], [ITEM_ID], [AMOUNT], [INS_SUBJECT], [TAX_SUBJECT])
VALUES (8, 4, 6, 0, 1, 1);
INSERT INTO [dbo].[PAY2_RUN_DETAIL] ([RUN_ID], [EMP_ID], [ITEM_ID], [AMOUNT], [INS_SUBJECT], [TAX_SUBJECT])
VALUES (8, 4, 7, 22000000, 1, 1);
INSERT INTO [dbo].[PAY2_RUN_DETAIL] ([RUN_ID], [EMP_ID], [ITEM_ID], [AMOUNT], [INS_SUBJECT], [TAX_SUBJECT])
VALUES (8, 4, 12, 0, 0, 0);
INSERT INTO [dbo].[PAY2_RUN_DETAIL] ([RUN_ID], [EMP_ID], [ITEM_ID], [AMOUNT], [INS_SUBJECT], [TAX_SUBJECT])
VALUES (8, 4, 13, 0, 0, 0);
INSERT INTO [dbo].[PAY2_RUN_DETAIL] ([RUN_ID], [EMP_ID], [ITEM_ID], [AMOUNT], [INS_SUBJECT], [TAX_SUBJECT])
VALUES (8, 4, 17, 3640000, 0, 0);
INSERT INTO [dbo].[PAY2_RUN_DETAIL] ([RUN_ID], [EMP_ID], [ITEM_ID], [AMOUNT], [INS_SUBJECT], [TAX_SUBJECT])
VALUES (8, 5, 1, 5726578, 0, 0);
INSERT INTO [dbo].[PAY2_RUN_DETAIL] ([RUN_ID], [EMP_ID], [ITEM_ID], [AMOUNT], [INS_SUBJECT], [TAX_SUBJECT])
VALUES (8, 5, 2, 5726578, 1, 1);
INSERT INTO [dbo].[PAY2_RUN_DETAIL] ([RUN_ID], [EMP_ID], [ITEM_ID], [AMOUNT], [INS_SUBJECT], [TAX_SUBJECT])
VALUES (8, 5, 3, 30000000, 1, 1);
INSERT INTO [dbo].[PAY2_RUN_DETAIL] ([RUN_ID], [EMP_ID], [ITEM_ID], [AMOUNT], [INS_SUBJECT], [TAX_SUBJECT])
VALUES (8, 5, 4, 0, 1, 0);
INSERT INTO [dbo].[PAY2_RUN_DETAIL] ([RUN_ID], [EMP_ID], [ITEM_ID], [AMOUNT], [INS_SUBJECT], [TAX_SUBJECT])
VALUES (8, 5, 6, 0, 1, 1);
INSERT INTO [dbo].[PAY2_RUN_DETAIL] ([RUN_ID], [EMP_ID], [ITEM_ID], [AMOUNT], [INS_SUBJECT], [TAX_SUBJECT])
VALUES (8, 5, 7, 22000000, 1, 1);
INSERT INTO [dbo].[PAY2_RUN_DETAIL] ([RUN_ID], [EMP_ID], [ITEM_ID], [AMOUNT], [INS_SUBJECT], [TAX_SUBJECT])
VALUES (8, 5, 12, 14395205, 0, 0);
INSERT INTO [dbo].[PAY2_RUN_DETAIL] ([RUN_ID], [EMP_ID], [ITEM_ID], [AMOUNT], [INS_SUBJECT], [TAX_SUBJECT])
VALUES (8, 5, 13, 67772371, 0, 0);
INSERT INTO [dbo].[PAY2_RUN_DETAIL] ([RUN_ID], [EMP_ID], [ITEM_ID], [AMOUNT], [INS_SUBJECT], [TAX_SUBJECT])
VALUES (8, 5, 17, 4040860, 0, 0);
INSERT INTO [dbo].[PAY2_RUN_DETAIL] ([RUN_ID], [EMP_ID], [ITEM_ID], [AMOUNT], [INS_SUBJECT], [TAX_SUBJECT])
VALUES (8, 6, 1, 8825465, 0, 0);
INSERT INTO [dbo].[PAY2_RUN_DETAIL] ([RUN_ID], [EMP_ID], [ITEM_ID], [AMOUNT], [INS_SUBJECT], [TAX_SUBJECT])
VALUES (8, 6, 2, 8825465, 1, 1);
INSERT INTO [dbo].[PAY2_RUN_DETAIL] ([RUN_ID], [EMP_ID], [ITEM_ID], [AMOUNT], [INS_SUBJECT], [TAX_SUBJECT])
VALUES (8, 6, 3, 30000000, 1, 1);
INSERT INTO [dbo].[PAY2_RUN_DETAIL] ([RUN_ID], [EMP_ID], [ITEM_ID], [AMOUNT], [INS_SUBJECT], [TAX_SUBJECT])
VALUES (8, 6, 4, 0, 1, 0);
INSERT INTO [dbo].[PAY2_RUN_DETAIL] ([RUN_ID], [EMP_ID], [ITEM_ID], [AMOUNT], [INS_SUBJECT], [TAX_SUBJECT])
VALUES (8, 6, 5, 5000000, 1, 1);
INSERT INTO [dbo].[PAY2_RUN_DETAIL] ([RUN_ID], [EMP_ID], [ITEM_ID], [AMOUNT], [INS_SUBJECT], [TAX_SUBJECT])
VALUES (8, 6, 6, 0, 1, 1);
INSERT INTO [dbo].[PAY2_RUN_DETAIL] ([RUN_ID], [EMP_ID], [ITEM_ID], [AMOUNT], [INS_SUBJECT], [TAX_SUBJECT])
VALUES (8, 6, 7, 22000000, 1, 1);
INSERT INTO [dbo].[PAY2_RUN_DETAIL] ([RUN_ID], [EMP_ID], [ITEM_ID], [AMOUNT], [INS_SUBJECT], [TAX_SUBJECT])
VALUES (8, 6, 12, 0, 0, 0);
INSERT INTO [dbo].[PAY2_RUN_DETAIL] ([RUN_ID], [EMP_ID], [ITEM_ID], [AMOUNT], [INS_SUBJECT], [TAX_SUBJECT])
VALUES (8, 6, 13, 0, 0, 0);
INSERT INTO [dbo].[PAY2_RUN_DETAIL] ([RUN_ID], [EMP_ID], [ITEM_ID], [AMOUNT], [INS_SUBJECT], [TAX_SUBJECT])
VALUES (8, 6, 17, 4607782, 0, 0);
INSERT INTO [dbo].[PAY2_RUN_DETAIL] ([RUN_ID], [EMP_ID], [ITEM_ID], [AMOUNT], [INS_SUBJECT], [TAX_SUBJECT])
VALUES (8, 7, 1, 10957983, 0, 0);
INSERT INTO [dbo].[PAY2_RUN_DETAIL] ([RUN_ID], [EMP_ID], [ITEM_ID], [AMOUNT], [INS_SUBJECT], [TAX_SUBJECT])
VALUES (8, 7, 2, 10957983, 1, 1);
INSERT INTO [dbo].[PAY2_RUN_DETAIL] ([RUN_ID], [EMP_ID], [ITEM_ID], [AMOUNT], [INS_SUBJECT], [TAX_SUBJECT])
VALUES (8, 7, 3, 50000000, 1, 1);
INSERT INTO [dbo].[PAY2_RUN_DETAIL] ([RUN_ID], [EMP_ID], [ITEM_ID], [AMOUNT], [INS_SUBJECT], [TAX_SUBJECT])
VALUES (8, 7, 4, 0, 1, 0);
INSERT INTO [dbo].[PAY2_RUN_DETAIL] ([RUN_ID], [EMP_ID], [ITEM_ID], [AMOUNT], [INS_SUBJECT], [TAX_SUBJECT])
VALUES (8, 7, 5, 5000000, 1, 1);
INSERT INTO [dbo].[PAY2_RUN_DETAIL] ([RUN_ID], [EMP_ID], [ITEM_ID], [AMOUNT], [INS_SUBJECT], [TAX_SUBJECT])
VALUES (8, 7, 6, 0, 1, 1);
INSERT INTO [dbo].[PAY2_RUN_DETAIL] ([RUN_ID], [EMP_ID], [ITEM_ID], [AMOUNT], [INS_SUBJECT], [TAX_SUBJECT])
VALUES (8, 7, 7, 22000000, 1, 1);
INSERT INTO [dbo].[PAY2_RUN_DETAIL] ([RUN_ID], [EMP_ID], [ITEM_ID], [AMOUNT], [INS_SUBJECT], [TAX_SUBJECT])
VALUES (8, 7, 12, 0, 0, 0);
INSERT INTO [dbo].[PAY2_RUN_DETAIL] ([RUN_ID], [EMP_ID], [ITEM_ID], [AMOUNT], [INS_SUBJECT], [TAX_SUBJECT])
VALUES (8, 7, 13, 0, 0, 0);
INSERT INTO [dbo].[PAY2_RUN_DETAIL] ([RUN_ID], [EMP_ID], [ITEM_ID], [AMOUNT], [INS_SUBJECT], [TAX_SUBJECT])
VALUES (8, 7, 17, 6157058, 0, 0);
INSERT INTO [dbo].[PAY2_RUN_DETAIL] ([RUN_ID], [EMP_ID], [ITEM_ID], [AMOUNT], [INS_SUBJECT], [TAX_SUBJECT])
VALUES (8, 8, 12, 0, 1, 1);
INSERT INTO [dbo].[PAY2_RUN_DETAIL] ([RUN_ID], [EMP_ID], [ITEM_ID], [AMOUNT], [INS_SUBJECT], [TAX_SUBJECT])
VALUES (8, 8, 13, 0, 1, 1);
INSERT INTO [dbo].[PAY2_RUN_DETAIL] ([RUN_ID], [EMP_ID], [ITEM_ID], [AMOUNT], [INS_SUBJECT], [TAX_SUBJECT])
VALUES (8, 9, 1, 7864353, 0, 0);
INSERT INTO [dbo].[PAY2_RUN_DETAIL] ([RUN_ID], [EMP_ID], [ITEM_ID], [AMOUNT], [INS_SUBJECT], [TAX_SUBJECT])
VALUES (8, 9, 2, 8897687, 1, 1);
INSERT INTO [dbo].[PAY2_RUN_DETAIL] ([RUN_ID], [EMP_ID], [ITEM_ID], [AMOUNT], [INS_SUBJECT], [TAX_SUBJECT])
VALUES (8, 9, 3, 30000000, 1, 1);
INSERT INTO [dbo].[PAY2_RUN_DETAIL] ([RUN_ID], [EMP_ID], [ITEM_ID], [AMOUNT], [INS_SUBJECT], [TAX_SUBJECT])
VALUES (8, 9, 4, 33251100, 0, 1);
INSERT INTO [dbo].[PAY2_RUN_DETAIL] ([RUN_ID], [EMP_ID], [ITEM_ID], [AMOUNT], [INS_SUBJECT], [TAX_SUBJECT])
VALUES (8, 9, 5, 5000000, 1, 1);
INSERT INTO [dbo].[PAY2_RUN_DETAIL] ([RUN_ID], [EMP_ID], [ITEM_ID], [AMOUNT], [INS_SUBJECT], [TAX_SUBJECT])
VALUES (8, 9, 6, 0, 1, 1);
INSERT INTO [dbo].[PAY2_RUN_DETAIL] ([RUN_ID], [EMP_ID], [ITEM_ID], [AMOUNT], [INS_SUBJECT], [TAX_SUBJECT])
VALUES (8, 9, 7, 22000000, 1, 1);
INSERT INTO [dbo].[PAY2_RUN_DETAIL] ([RUN_ID], [EMP_ID], [ITEM_ID], [AMOUNT], [INS_SUBJECT], [TAX_SUBJECT])
VALUES (8, 9, 12, 8794316, 0, 0);
INSERT INTO [dbo].[PAY2_RUN_DETAIL] ([RUN_ID], [EMP_ID], [ITEM_ID], [AMOUNT], [INS_SUBJECT], [TAX_SUBJECT])
VALUES (8, 9, 13, 106902338, 0, 0);
INSERT INTO [dbo].[PAY2_RUN_DETAIL] ([RUN_ID], [EMP_ID], [ITEM_ID], [AMOUNT], [INS_SUBJECT], [TAX_SUBJECT])
VALUES (8, 9, 17, 4612838, 0, 0);
INSERT INTO [dbo].[PAY2_RUN_DETAIL] ([RUN_ID], [EMP_ID], [ITEM_ID], [AMOUNT], [INS_SUBJECT], [TAX_SUBJECT])
VALUES (8, 9, 18, 1053594, 0, 0);
INSERT INTO [dbo].[PAY2_RUN_DETAIL] ([RUN_ID], [EMP_ID], [ITEM_ID], [AMOUNT], [INS_SUBJECT], [TAX_SUBJECT])
VALUES (8, 10, 1, 7156984, 0, 0);
INSERT INTO [dbo].[PAY2_RUN_DETAIL] ([RUN_ID], [EMP_ID], [ITEM_ID], [AMOUNT], [INS_SUBJECT], [TAX_SUBJECT])
VALUES (8, 10, 2, 7156984, 1, 1);
INSERT INTO [dbo].[PAY2_RUN_DETAIL] ([RUN_ID], [EMP_ID], [ITEM_ID], [AMOUNT], [INS_SUBJECT], [TAX_SUBJECT])
VALUES (8, 10, 3, 30000000, 1, 1);
INSERT INTO [dbo].[PAY2_RUN_DETAIL] ([RUN_ID], [EMP_ID], [ITEM_ID], [AMOUNT], [INS_SUBJECT], [TAX_SUBJECT])
VALUES (8, 10, 4, 33251100, 0, 1);
INSERT INTO [dbo].[PAY2_RUN_DETAIL] ([RUN_ID], [EMP_ID], [ITEM_ID], [AMOUNT], [INS_SUBJECT], [TAX_SUBJECT])
VALUES (8, 10, 5, 5000000, 1, 1);
INSERT INTO [dbo].[PAY2_RUN_DETAIL] ([RUN_ID], [EMP_ID], [ITEM_ID], [AMOUNT], [INS_SUBJECT], [TAX_SUBJECT])
VALUES (8, 10, 6, 0, 1, 1);
INSERT INTO [dbo].[PAY2_RUN_DETAIL] ([RUN_ID], [EMP_ID], [ITEM_ID], [AMOUNT], [INS_SUBJECT], [TAX_SUBJECT])
VALUES (8, 10, 7, 22000000, 1, 1);
INSERT INTO [dbo].[PAY2_RUN_DETAIL] ([RUN_ID], [EMP_ID], [ITEM_ID], [AMOUNT], [INS_SUBJECT], [TAX_SUBJECT])
VALUES (8, 10, 12, 38534882, 0, 0);
INSERT INTO [dbo].[PAY2_RUN_DETAIL] ([RUN_ID], [EMP_ID], [ITEM_ID], [AMOUNT], [INS_SUBJECT], [TAX_SUBJECT])
VALUES (8, 10, 13, 96555494, 0, 0);
INSERT INTO [dbo].[PAY2_RUN_DETAIL] ([RUN_ID], [EMP_ID], [ITEM_ID], [AMOUNT], [INS_SUBJECT], [TAX_SUBJECT])
VALUES (8, 10, 17, 4490988, 0, 0);
INSERT INTO [dbo].[PAY2_RUN_DETAIL] ([RUN_ID], [EMP_ID], [ITEM_ID], [AMOUNT], [INS_SUBJECT], [TAX_SUBJECT])
VALUES (8, 10, 18, 891709, 0, 0);
INSERT INTO [dbo].[PAY2_RUN_DETAIL] ([RUN_ID], [EMP_ID], [ITEM_ID], [AMOUNT], [INS_SUBJECT], [TAX_SUBJECT])
VALUES (8, 11, 1, 7044832, 0, 0);
INSERT INTO [dbo].[PAY2_RUN_DETAIL] ([RUN_ID], [EMP_ID], [ITEM_ID], [AMOUNT], [INS_SUBJECT], [TAX_SUBJECT])
VALUES (8, 11, 2, 7044832, 1, 1);
INSERT INTO [dbo].[PAY2_RUN_DETAIL] ([RUN_ID], [EMP_ID], [ITEM_ID], [AMOUNT], [INS_SUBJECT], [TAX_SUBJECT])
VALUES (8, 11, 3, 30000000, 1, 1);
INSERT INTO [dbo].[PAY2_RUN_DETAIL] ([RUN_ID], [EMP_ID], [ITEM_ID], [AMOUNT], [INS_SUBJECT], [TAX_SUBJECT])
VALUES (8, 11, 4, 66502200, 0, 1);
INSERT INTO [dbo].[PAY2_RUN_DETAIL] ([RUN_ID], [EMP_ID], [ITEM_ID], [AMOUNT], [INS_SUBJECT], [TAX_SUBJECT])
VALUES (8, 11, 5, 5000000, 1, 1);
INSERT INTO [dbo].[PAY2_RUN_DETAIL] ([RUN_ID], [EMP_ID], [ITEM_ID], [AMOUNT], [INS_SUBJECT], [TAX_SUBJECT])
VALUES (8, 11, 6, 0, 1, 1);
INSERT INTO [dbo].[PAY2_RUN_DETAIL] ([RUN_ID], [EMP_ID], [ITEM_ID], [AMOUNT], [INS_SUBJECT], [TAX_SUBJECT])
VALUES (8, 11, 7, 22000000, 1, 1);
INSERT INTO [dbo].[PAY2_RUN_DETAIL] ([RUN_ID], [EMP_ID], [ITEM_ID], [AMOUNT], [INS_SUBJECT], [TAX_SUBJECT])
VALUES (8, 11, 10, 225, 1, 1);
INSERT INTO [dbo].[PAY2_RUN_DETAIL] ([RUN_ID], [EMP_ID], [ITEM_ID], [AMOUNT], [INS_SUBJECT], [TAX_SUBJECT])
VALUES (8, 11, 12, 46941786, 0, 0);
INSERT INTO [dbo].[PAY2_RUN_DETAIL] ([RUN_ID], [EMP_ID], [ITEM_ID], [AMOUNT], [INS_SUBJECT], [TAX_SUBJECT])
VALUES (8, 11, 13, 77095390, 0, 0);
INSERT INTO [dbo].[PAY2_RUN_DETAIL] ([RUN_ID], [EMP_ID], [ITEM_ID], [AMOUNT], [INS_SUBJECT], [TAX_SUBJECT])
VALUES (8, 11, 17, 4483153, 0, 0);
INSERT INTO [dbo].[PAY2_RUN_DETAIL] ([RUN_ID], [EMP_ID], [ITEM_ID], [AMOUNT], [INS_SUBJECT], [TAX_SUBJECT])
VALUES (8, 11, 18, 4206410, 0, 0);
INSERT INTO [dbo].[PAY2_RUN_DETAIL] ([RUN_ID], [EMP_ID], [ITEM_ID], [AMOUNT], [INS_SUBJECT], [TAX_SUBJECT])
VALUES (8, 12, 1, 7455349, 0, 0);
INSERT INTO [dbo].[PAY2_RUN_DETAIL] ([RUN_ID], [EMP_ID], [ITEM_ID], [AMOUNT], [INS_SUBJECT], [TAX_SUBJECT])
VALUES (8, 12, 2, 7455349, 1, 1);
INSERT INTO [dbo].[PAY2_RUN_DETAIL] ([RUN_ID], [EMP_ID], [ITEM_ID], [AMOUNT], [INS_SUBJECT], [TAX_SUBJECT])
VALUES (8, 12, 3, 30000000, 1, 1);
INSERT INTO [dbo].[PAY2_RUN_DETAIL] ([RUN_ID], [EMP_ID], [ITEM_ID], [AMOUNT], [INS_SUBJECT], [TAX_SUBJECT])
VALUES (8, 12, 4, 0, 1, 0);
INSERT INTO [dbo].[PAY2_RUN_DETAIL] ([RUN_ID], [EMP_ID], [ITEM_ID], [AMOUNT], [INS_SUBJECT], [TAX_SUBJECT])
VALUES (8, 12, 5, 5000000, 1, 1);
INSERT INTO [dbo].[PAY2_RUN_DETAIL] ([RUN_ID], [EMP_ID], [ITEM_ID], [AMOUNT], [INS_SUBJECT], [TAX_SUBJECT])
VALUES (8, 12, 6, 0, 1, 1);
INSERT INTO [dbo].[PAY2_RUN_DETAIL] ([RUN_ID], [EMP_ID], [ITEM_ID], [AMOUNT], [INS_SUBJECT], [TAX_SUBJECT])
VALUES (8, 12, 7, 22000000, 1, 1);
INSERT INTO [dbo].[PAY2_RUN_DETAIL] ([RUN_ID], [EMP_ID], [ITEM_ID], [AMOUNT], [INS_SUBJECT], [TAX_SUBJECT])
VALUES (8, 12, 10, 225, 1, 1);
INSERT INTO [dbo].[PAY2_RUN_DETAIL] ([RUN_ID], [EMP_ID], [ITEM_ID], [AMOUNT], [INS_SUBJECT], [TAX_SUBJECT])
VALUES (8, 12, 12, 34960037, 0, 0);
INSERT INTO [dbo].[PAY2_RUN_DETAIL] ([RUN_ID], [EMP_ID], [ITEM_ID], [AMOUNT], [INS_SUBJECT], [TAX_SUBJECT])
VALUES (8, 12, 13, 93157247, 0, 0);
INSERT INTO [dbo].[PAY2_RUN_DETAIL] ([RUN_ID], [EMP_ID], [ITEM_ID], [AMOUNT], [INS_SUBJECT], [TAX_SUBJECT])
VALUES (8, 12, 17, 4511890, 0, 0);
INSERT INTO [dbo].[PAY2_RUN_DETAIL] ([RUN_ID], [EMP_ID], [ITEM_ID], [AMOUNT], [INS_SUBJECT], [TAX_SUBJECT])
VALUES (8, 13, 1, 8797882, 0, 0);
INSERT INTO [dbo].[PAY2_RUN_DETAIL] ([RUN_ID], [EMP_ID], [ITEM_ID], [AMOUNT], [INS_SUBJECT], [TAX_SUBJECT])
VALUES (8, 13, 2, 8797882, 1, 1);
INSERT INTO [dbo].[PAY2_RUN_DETAIL] ([RUN_ID], [EMP_ID], [ITEM_ID], [AMOUNT], [INS_SUBJECT], [TAX_SUBJECT])
VALUES (8, 13, 3, 30000000, 1, 1);
INSERT INTO [dbo].[PAY2_RUN_DETAIL] ([RUN_ID], [EMP_ID], [ITEM_ID], [AMOUNT], [INS_SUBJECT], [TAX_SUBJECT])
VALUES (8, 13, 4, 16625550, 0, 1);
INSERT INTO [dbo].[PAY2_RUN_DETAIL] ([RUN_ID], [EMP_ID], [ITEM_ID], [AMOUNT], [INS_SUBJECT], [TAX_SUBJECT])
VALUES (8, 13, 5, 5000000, 1, 1);
INSERT INTO [dbo].[PAY2_RUN_DETAIL] ([RUN_ID], [EMP_ID], [ITEM_ID], [AMOUNT], [INS_SUBJECT], [TAX_SUBJECT])
VALUES (8, 13, 6, 0, 1, 1);
INSERT INTO [dbo].[PAY2_RUN_DETAIL] ([RUN_ID], [EMP_ID], [ITEM_ID], [AMOUNT], [INS_SUBJECT], [TAX_SUBJECT])
VALUES (8, 13, 7, 22000000, 1, 1);
INSERT INTO [dbo].[PAY2_RUN_DETAIL] ([RUN_ID], [EMP_ID], [ITEM_ID], [AMOUNT], [INS_SUBJECT], [TAX_SUBJECT])
VALUES (8, 13, 12, 53776912, 0, 0);
INSERT INTO [dbo].[PAY2_RUN_DETAIL] ([RUN_ID], [EMP_ID], [ITEM_ID], [AMOUNT], [INS_SUBJECT], [TAX_SUBJECT])
VALUES (8, 13, 13, 114365119, 0, 0);
INSERT INTO [dbo].[PAY2_RUN_DETAIL] ([RUN_ID], [EMP_ID], [ITEM_ID], [AMOUNT], [INS_SUBJECT], [TAX_SUBJECT])
VALUES (8, 13, 17, 4605851, 0, 0);
INSERT INTO [dbo].[PAY2_RUN_DETAIL] ([RUN_ID], [EMP_ID], [ITEM_ID], [AMOUNT], [INS_SUBJECT], [TAX_SUBJECT])
VALUES (8, 14, 1, 5726578, 0, 0);
INSERT INTO [dbo].[PAY2_RUN_DETAIL] ([RUN_ID], [EMP_ID], [ITEM_ID], [AMOUNT], [INS_SUBJECT], [TAX_SUBJECT])
VALUES (8, 14, 2, 5726578, 1, 1);
INSERT INTO [dbo].[PAY2_RUN_DETAIL] ([RUN_ID], [EMP_ID], [ITEM_ID], [AMOUNT], [INS_SUBJECT], [TAX_SUBJECT])
VALUES (8, 14, 3, 30000000, 1, 1);
INSERT INTO [dbo].[PAY2_RUN_DETAIL] ([RUN_ID], [EMP_ID], [ITEM_ID], [AMOUNT], [INS_SUBJECT], [TAX_SUBJECT])
VALUES (8, 14, 5, 5000000, 1, 1);
INSERT INTO [dbo].[PAY2_RUN_DETAIL] ([RUN_ID], [EMP_ID], [ITEM_ID], [AMOUNT], [INS_SUBJECT], [TAX_SUBJECT])
VALUES (8, 14, 7, 22000000, 1, 1);
INSERT INTO [dbo].[PAY2_RUN_DETAIL] ([RUN_ID], [EMP_ID], [ITEM_ID], [AMOUNT], [INS_SUBJECT], [TAX_SUBJECT])
VALUES (8, 14, 12, 32336289, 0, 0);
INSERT INTO [dbo].[PAY2_RUN_DETAIL] ([RUN_ID], [EMP_ID], [ITEM_ID], [AMOUNT], [INS_SUBJECT], [TAX_SUBJECT])
VALUES (8, 14, 13, 69038000, 0, 0);
INSERT INTO [dbo].[PAY2_RUN_DETAIL] ([RUN_ID], [EMP_ID], [ITEM_ID], [AMOUNT], [INS_SUBJECT], [TAX_SUBJECT])
VALUES (8, 14, 17, 4390860, 0, 0);
INSERT INTO [dbo].[PAY2_RUN_DETAIL] ([RUN_ID], [EMP_ID], [ITEM_ID], [AMOUNT], [INS_SUBJECT], [TAX_SUBJECT])
VALUES (8, 15, 1, 6739391, 0, 0);
INSERT INTO [dbo].[PAY2_RUN_DETAIL] ([RUN_ID], [EMP_ID], [ITEM_ID], [AMOUNT], [INS_SUBJECT], [TAX_SUBJECT])
VALUES (8, 15, 2, 6739391, 1, 1);
INSERT INTO [dbo].[PAY2_RUN_DETAIL] ([RUN_ID], [EMP_ID], [ITEM_ID], [AMOUNT], [INS_SUBJECT], [TAX_SUBJECT])
VALUES (8, 15, 3, 30000000, 1, 1);
INSERT INTO [dbo].[PAY2_RUN_DETAIL] ([RUN_ID], [EMP_ID], [ITEM_ID], [AMOUNT], [INS_SUBJECT], [TAX_SUBJECT])
VALUES (8, 15, 4, 66502200, 0, 1);
INSERT INTO [dbo].[PAY2_RUN_DETAIL] ([RUN_ID], [EMP_ID], [ITEM_ID], [AMOUNT], [INS_SUBJECT], [TAX_SUBJECT])
VALUES (8, 15, 5, 5000000, 1, 1);
INSERT INTO [dbo].[PAY2_RUN_DETAIL] ([RUN_ID], [EMP_ID], [ITEM_ID], [AMOUNT], [INS_SUBJECT], [TAX_SUBJECT])
VALUES (8, 15, 6, 0, 1, 1);
INSERT INTO [dbo].[PAY2_RUN_DETAIL] ([RUN_ID], [EMP_ID], [ITEM_ID], [AMOUNT], [INS_SUBJECT], [TAX_SUBJECT])
VALUES (8, 15, 7, 22000000, 1, 1);
INSERT INTO [dbo].[PAY2_RUN_DETAIL] ([RUN_ID], [EMP_ID], [ITEM_ID], [AMOUNT], [INS_SUBJECT], [TAX_SUBJECT])
VALUES (8, 15, 12, 30556383, 0, 0);
INSERT INTO [dbo].[PAY2_RUN_DETAIL] ([RUN_ID], [EMP_ID], [ITEM_ID], [AMOUNT], [INS_SUBJECT], [TAX_SUBJECT])
VALUES (8, 15, 13, 45196587, 0, 0);
INSERT INTO [dbo].[PAY2_RUN_DETAIL] ([RUN_ID], [EMP_ID], [ITEM_ID], [AMOUNT], [INS_SUBJECT], [TAX_SUBJECT])
VALUES (8, 15, 17, 4461757, 0, 0);
INSERT INTO [dbo].[PAY2_RUN_DETAIL] ([RUN_ID], [EMP_ID], [ITEM_ID], [AMOUNT], [INS_SUBJECT], [TAX_SUBJECT])
VALUES (8, 15, 18, 4177983, 0, 0);
INSERT INTO [dbo].[PAY2_RUN_DETAIL] ([RUN_ID], [EMP_ID], [ITEM_ID], [AMOUNT], [INS_SUBJECT], [TAX_SUBJECT])
VALUES (9, 2, 1, 5898800, 0, 0);
INSERT INTO [dbo].[PAY2_RUN_DETAIL] ([RUN_ID], [EMP_ID], [ITEM_ID], [AMOUNT], [INS_SUBJECT], [TAX_SUBJECT])
VALUES (9, 2, 2, 5898800, 1, 1);
INSERT INTO [dbo].[PAY2_RUN_DETAIL] ([RUN_ID], [EMP_ID], [ITEM_ID], [AMOUNT], [INS_SUBJECT], [TAX_SUBJECT])
VALUES (9, 2, 3, 30000000, 1, 1);
INSERT INTO [dbo].[PAY2_RUN_DETAIL] ([RUN_ID], [EMP_ID], [ITEM_ID], [AMOUNT], [INS_SUBJECT], [TAX_SUBJECT])
VALUES (9, 2, 7, 22000000, 1, 1);
INSERT INTO [dbo].[PAY2_RUN_DETAIL] ([RUN_ID], [EMP_ID], [ITEM_ID], [AMOUNT], [INS_SUBJECT], [TAX_SUBJECT])
VALUES (9, 2, 12, 10630454, 0, 0);
INSERT INTO [dbo].[PAY2_RUN_DETAIL] ([RUN_ID], [EMP_ID], [ITEM_ID], [AMOUNT], [INS_SUBJECT], [TAX_SUBJECT])
VALUES (9, 2, 13, 7289453, 0, 0);
INSERT INTO [dbo].[PAY2_RUN_DETAIL] ([RUN_ID], [EMP_ID], [ITEM_ID], [AMOUNT], [INS_SUBJECT], [TAX_SUBJECT])
VALUES (9, 2, 17, 4052916, 0, 0);
INSERT INTO [dbo].[PAY2_RUN_DETAIL] ([RUN_ID], [EMP_ID], [ITEM_ID], [AMOUNT], [INS_SUBJECT], [TAX_SUBJECT])
VALUES (9, 3, 1, 6346995, 0, 0);
INSERT INTO [dbo].[PAY2_RUN_DETAIL] ([RUN_ID], [EMP_ID], [ITEM_ID], [AMOUNT], [INS_SUBJECT], [TAX_SUBJECT])
VALUES (9, 3, 2, 6346995, 1, 1);
INSERT INTO [dbo].[PAY2_RUN_DETAIL] ([RUN_ID], [EMP_ID], [ITEM_ID], [AMOUNT], [INS_SUBJECT], [TAX_SUBJECT])
VALUES (9, 3, 3, 30000000, 1, 1);
INSERT INTO [dbo].[PAY2_RUN_DETAIL] ([RUN_ID], [EMP_ID], [ITEM_ID], [AMOUNT], [INS_SUBJECT], [TAX_SUBJECT])
VALUES (9, 3, 4, 0, 1, 0);
INSERT INTO [dbo].[PAY2_RUN_DETAIL] ([RUN_ID], [EMP_ID], [ITEM_ID], [AMOUNT], [INS_SUBJECT], [TAX_SUBJECT])
VALUES (9, 3, 6, 0, 1, 1);
INSERT INTO [dbo].[PAY2_RUN_DETAIL] ([RUN_ID], [EMP_ID], [ITEM_ID], [AMOUNT], [INS_SUBJECT], [TAX_SUBJECT])
VALUES (9, 3, 7, 22000000, 1, 1);
INSERT INTO [dbo].[PAY2_RUN_DETAIL] ([RUN_ID], [EMP_ID], [ITEM_ID], [AMOUNT], [INS_SUBJECT], [TAX_SUBJECT])
VALUES (9, 3, 12, 0, 0, 0);
INSERT INTO [dbo].[PAY2_RUN_DETAIL] ([RUN_ID], [EMP_ID], [ITEM_ID], [AMOUNT], [INS_SUBJECT], [TAX_SUBJECT])
VALUES (9, 3, 13, 0, 0, 0);
INSERT INTO [dbo].[PAY2_RUN_DETAIL] ([RUN_ID], [EMP_ID], [ITEM_ID], [AMOUNT], [INS_SUBJECT], [TAX_SUBJECT])
VALUES (9, 3, 17, 4084289, 0, 0);
INSERT INTO [dbo].[PAY2_RUN_DETAIL] ([RUN_ID], [EMP_ID], [ITEM_ID], [AMOUNT], [INS_SUBJECT], [TAX_SUBJECT])
VALUES (9, 4, 1, 0, 0, 0);
INSERT INTO [dbo].[PAY2_RUN_DETAIL] ([RUN_ID], [EMP_ID], [ITEM_ID], [AMOUNT], [INS_SUBJECT], [TAX_SUBJECT])
VALUES (9, 4, 2, 0, 1, 1);
INSERT INTO [dbo].[PAY2_RUN_DETAIL] ([RUN_ID], [EMP_ID], [ITEM_ID], [AMOUNT], [INS_SUBJECT], [TAX_SUBJECT])
VALUES (9, 4, 3, 30000000, 1, 1);
INSERT INTO [dbo].[PAY2_RUN_DETAIL] ([RUN_ID], [EMP_ID], [ITEM_ID], [AMOUNT], [INS_SUBJECT], [TAX_SUBJECT])
VALUES (9, 4, 4, 0, 1, 0);
INSERT INTO [dbo].[PAY2_RUN_DETAIL] ([RUN_ID], [EMP_ID], [ITEM_ID], [AMOUNT], [INS_SUBJECT], [TAX_SUBJECT])
VALUES (9, 4, 6, 0, 1, 1);
INSERT INTO [dbo].[PAY2_RUN_DETAIL] ([RUN_ID], [EMP_ID], [ITEM_ID], [AMOUNT], [INS_SUBJECT], [TAX_SUBJECT])
VALUES (9, 4, 7, 22000000, 1, 1);
INSERT INTO [dbo].[PAY2_RUN_DETAIL] ([RUN_ID], [EMP_ID], [ITEM_ID], [AMOUNT], [INS_SUBJECT], [TAX_SUBJECT])
VALUES (9, 4, 12, 0, 0, 0);
INSERT INTO [dbo].[PAY2_RUN_DETAIL] ([RUN_ID], [EMP_ID], [ITEM_ID], [AMOUNT], [INS_SUBJECT], [TAX_SUBJECT])
VALUES (9, 4, 13, 0, 0, 0);
INSERT INTO [dbo].[PAY2_RUN_DETAIL] ([RUN_ID], [EMP_ID], [ITEM_ID], [AMOUNT], [INS_SUBJECT], [TAX_SUBJECT])
VALUES (9, 4, 17, 3640000, 0, 0);
INSERT INTO [dbo].[PAY2_RUN_DETAIL] ([RUN_ID], [EMP_ID], [ITEM_ID], [AMOUNT], [INS_SUBJECT], [TAX_SUBJECT])
VALUES (9, 5, 1, 5726578, 0, 0);
INSERT INTO [dbo].[PAY2_RUN_DETAIL] ([RUN_ID], [EMP_ID], [ITEM_ID], [AMOUNT], [INS_SUBJECT], [TAX_SUBJECT])
VALUES (9, 5, 2, 5726578, 1, 1);
INSERT INTO [dbo].[PAY2_RUN_DETAIL] ([RUN_ID], [EMP_ID], [ITEM_ID], [AMOUNT], [INS_SUBJECT], [TAX_SUBJECT])
VALUES (9, 5, 3, 30000000, 1, 1);
INSERT INTO [dbo].[PAY2_RUN_DETAIL] ([RUN_ID], [EMP_ID], [ITEM_ID], [AMOUNT], [INS_SUBJECT], [TAX_SUBJECT])
VALUES (9, 5, 4, 0, 1, 0);
INSERT INTO [dbo].[PAY2_RUN_DETAIL] ([RUN_ID], [EMP_ID], [ITEM_ID], [AMOUNT], [INS_SUBJECT], [TAX_SUBJECT])
VALUES (9, 5, 6, 0, 1, 1);
INSERT INTO [dbo].[PAY2_RUN_DETAIL] ([RUN_ID], [EMP_ID], [ITEM_ID], [AMOUNT], [INS_SUBJECT], [TAX_SUBJECT])
VALUES (9, 5, 7, 22000000, 1, 1);
INSERT INTO [dbo].[PAY2_RUN_DETAIL] ([RUN_ID], [EMP_ID], [ITEM_ID], [AMOUNT], [INS_SUBJECT], [TAX_SUBJECT])
VALUES (9, 5, 12, 14395205, 0, 0);
INSERT INTO [dbo].[PAY2_RUN_DETAIL] ([RUN_ID], [EMP_ID], [ITEM_ID], [AMOUNT], [INS_SUBJECT], [TAX_SUBJECT])
VALUES (9, 5, 13, 67772371, 0, 0);
INSERT INTO [dbo].[PAY2_RUN_DETAIL] ([RUN_ID], [EMP_ID], [ITEM_ID], [AMOUNT], [INS_SUBJECT], [TAX_SUBJECT])
VALUES (9, 5, 17, 4040860, 0, 0);
INSERT INTO [dbo].[PAY2_RUN_DETAIL] ([RUN_ID], [EMP_ID], [ITEM_ID], [AMOUNT], [INS_SUBJECT], [TAX_SUBJECT])
VALUES (9, 6, 1, 8825465, 0, 0);
INSERT INTO [dbo].[PAY2_RUN_DETAIL] ([RUN_ID], [EMP_ID], [ITEM_ID], [AMOUNT], [INS_SUBJECT], [TAX_SUBJECT])
VALUES (9, 6, 2, 8825465, 1, 1);
INSERT INTO [dbo].[PAY2_RUN_DETAIL] ([RUN_ID], [EMP_ID], [ITEM_ID], [AMOUNT], [INS_SUBJECT], [TAX_SUBJECT])
VALUES (9, 6, 3, 30000000, 1, 1);
INSERT INTO [dbo].[PAY2_RUN_DETAIL] ([RUN_ID], [EMP_ID], [ITEM_ID], [AMOUNT], [INS_SUBJECT], [TAX_SUBJECT])
VALUES (9, 6, 4, 0, 1, 0);
INSERT INTO [dbo].[PAY2_RUN_DETAIL] ([RUN_ID], [EMP_ID], [ITEM_ID], [AMOUNT], [INS_SUBJECT], [TAX_SUBJECT])
VALUES (9, 6, 5, 5000000, 1, 1);
INSERT INTO [dbo].[PAY2_RUN_DETAIL] ([RUN_ID], [EMP_ID], [ITEM_ID], [AMOUNT], [INS_SUBJECT], [TAX_SUBJECT])
VALUES (9, 6, 6, 0, 1, 1);
INSERT INTO [dbo].[PAY2_RUN_DETAIL] ([RUN_ID], [EMP_ID], [ITEM_ID], [AMOUNT], [INS_SUBJECT], [TAX_SUBJECT])
VALUES (9, 6, 7, 22000000, 1, 1);
INSERT INTO [dbo].[PAY2_RUN_DETAIL] ([RUN_ID], [EMP_ID], [ITEM_ID], [AMOUNT], [INS_SUBJECT], [TAX_SUBJECT])
VALUES (9, 6, 12, 0, 0, 0);
INSERT INTO [dbo].[PAY2_RUN_DETAIL] ([RUN_ID], [EMP_ID], [ITEM_ID], [AMOUNT], [INS_SUBJECT], [TAX_SUBJECT])
VALUES (9, 6, 13, 0, 0, 0);
INSERT INTO [dbo].[PAY2_RUN_DETAIL] ([RUN_ID], [EMP_ID], [ITEM_ID], [AMOUNT], [INS_SUBJECT], [TAX_SUBJECT])
VALUES (9, 6, 17, 4607782, 0, 0);
INSERT INTO [dbo].[PAY2_RUN_DETAIL] ([RUN_ID], [EMP_ID], [ITEM_ID], [AMOUNT], [INS_SUBJECT], [TAX_SUBJECT])
VALUES (9, 7, 1, 10957983, 0, 0);
INSERT INTO [dbo].[PAY2_RUN_DETAIL] ([RUN_ID], [EMP_ID], [ITEM_ID], [AMOUNT], [INS_SUBJECT], [TAX_SUBJECT])
VALUES (9, 7, 2, 10957983, 1, 1);
INSERT INTO [dbo].[PAY2_RUN_DETAIL] ([RUN_ID], [EMP_ID], [ITEM_ID], [AMOUNT], [INS_SUBJECT], [TAX_SUBJECT])
VALUES (9, 7, 3, 50000000, 1, 1);
INSERT INTO [dbo].[PAY2_RUN_DETAIL] ([RUN_ID], [EMP_ID], [ITEM_ID], [AMOUNT], [INS_SUBJECT], [TAX_SUBJECT])
VALUES (9, 7, 4, 0, 1, 0);
INSERT INTO [dbo].[PAY2_RUN_DETAIL] ([RUN_ID], [EMP_ID], [ITEM_ID], [AMOUNT], [INS_SUBJECT], [TAX_SUBJECT])
VALUES (9, 7, 5, 5000000, 1, 1);
INSERT INTO [dbo].[PAY2_RUN_DETAIL] ([RUN_ID], [EMP_ID], [ITEM_ID], [AMOUNT], [INS_SUBJECT], [TAX_SUBJECT])
VALUES (9, 7, 6, 0, 1, 1);
INSERT INTO [dbo].[PAY2_RUN_DETAIL] ([RUN_ID], [EMP_ID], [ITEM_ID], [AMOUNT], [INS_SUBJECT], [TAX_SUBJECT])
VALUES (9, 7, 7, 22000000, 1, 1);
INSERT INTO [dbo].[PAY2_RUN_DETAIL] ([RUN_ID], [EMP_ID], [ITEM_ID], [AMOUNT], [INS_SUBJECT], [TAX_SUBJECT])
VALUES (9, 7, 12, 0, 0, 0);
INSERT INTO [dbo].[PAY2_RUN_DETAIL] ([RUN_ID], [EMP_ID], [ITEM_ID], [AMOUNT], [INS_SUBJECT], [TAX_SUBJECT])
VALUES (9, 7, 13, 0, 0, 0);
INSERT INTO [dbo].[PAY2_RUN_DETAIL] ([RUN_ID], [EMP_ID], [ITEM_ID], [AMOUNT], [INS_SUBJECT], [TAX_SUBJECT])
VALUES (9, 7, 17, 6157058, 0, 0);
INSERT INTO [dbo].[PAY2_RUN_DETAIL] ([RUN_ID], [EMP_ID], [ITEM_ID], [AMOUNT], [INS_SUBJECT], [TAX_SUBJECT])
VALUES (9, 8, 12, 0, 1, 1);
INSERT INTO [dbo].[PAY2_RUN_DETAIL] ([RUN_ID], [EMP_ID], [ITEM_ID], [AMOUNT], [INS_SUBJECT], [TAX_SUBJECT])
VALUES (9, 8, 13, 0, 1, 1);
INSERT INTO [dbo].[PAY2_RUN_DETAIL] ([RUN_ID], [EMP_ID], [ITEM_ID], [AMOUNT], [INS_SUBJECT], [TAX_SUBJECT])
VALUES (9, 9, 1, 7864353, 0, 0);
INSERT INTO [dbo].[PAY2_RUN_DETAIL] ([RUN_ID], [EMP_ID], [ITEM_ID], [AMOUNT], [INS_SUBJECT], [TAX_SUBJECT])
VALUES (9, 9, 2, 8897687, 1, 1);
INSERT INTO [dbo].[PAY2_RUN_DETAIL] ([RUN_ID], [EMP_ID], [ITEM_ID], [AMOUNT], [INS_SUBJECT], [TAX_SUBJECT])
VALUES (9, 9, 3, 30000000, 1, 1);
INSERT INTO [dbo].[PAY2_RUN_DETAIL] ([RUN_ID], [EMP_ID], [ITEM_ID], [AMOUNT], [INS_SUBJECT], [TAX_SUBJECT])
VALUES (9, 9, 4, 33251100, 0, 1);
INSERT INTO [dbo].[PAY2_RUN_DETAIL] ([RUN_ID], [EMP_ID], [ITEM_ID], [AMOUNT], [INS_SUBJECT], [TAX_SUBJECT])
VALUES (9, 9, 5, 5000000, 1, 1);
INSERT INTO [dbo].[PAY2_RUN_DETAIL] ([RUN_ID], [EMP_ID], [ITEM_ID], [AMOUNT], [INS_SUBJECT], [TAX_SUBJECT])
VALUES (9, 9, 6, 0, 1, 1);
INSERT INTO [dbo].[PAY2_RUN_DETAIL] ([RUN_ID], [EMP_ID], [ITEM_ID], [AMOUNT], [INS_SUBJECT], [TAX_SUBJECT])
VALUES (9, 9, 7, 22000000, 1, 1);
INSERT INTO [dbo].[PAY2_RUN_DETAIL] ([RUN_ID], [EMP_ID], [ITEM_ID], [AMOUNT], [INS_SUBJECT], [TAX_SUBJECT])
VALUES (9, 9, 12, 8794316, 0, 0);
INSERT INTO [dbo].[PAY2_RUN_DETAIL] ([RUN_ID], [EMP_ID], [ITEM_ID], [AMOUNT], [INS_SUBJECT], [TAX_SUBJECT])
VALUES (9, 9, 13, 106902338, 0, 0);
INSERT INTO [dbo].[PAY2_RUN_DETAIL] ([RUN_ID], [EMP_ID], [ITEM_ID], [AMOUNT], [INS_SUBJECT], [TAX_SUBJECT])
VALUES (9, 9, 17, 4612838, 0, 0);
INSERT INTO [dbo].[PAY2_RUN_DETAIL] ([RUN_ID], [EMP_ID], [ITEM_ID], [AMOUNT], [INS_SUBJECT], [TAX_SUBJECT])
VALUES (9, 9, 18, 1053594, 0, 0);
INSERT INTO [dbo].[PAY2_RUN_DETAIL] ([RUN_ID], [EMP_ID], [ITEM_ID], [AMOUNT], [INS_SUBJECT], [TAX_SUBJECT])
VALUES (9, 10, 1, 7156984, 0, 0);
INSERT INTO [dbo].[PAY2_RUN_DETAIL] ([RUN_ID], [EMP_ID], [ITEM_ID], [AMOUNT], [INS_SUBJECT], [TAX_SUBJECT])
VALUES (9, 10, 2, 7156984, 1, 1);
INSERT INTO [dbo].[PAY2_RUN_DETAIL] ([RUN_ID], [EMP_ID], [ITEM_ID], [AMOUNT], [INS_SUBJECT], [TAX_SUBJECT])
VALUES (9, 10, 3, 30000000, 1, 1);
INSERT INTO [dbo].[PAY2_RUN_DETAIL] ([RUN_ID], [EMP_ID], [ITEM_ID], [AMOUNT], [INS_SUBJECT], [TAX_SUBJECT])
VALUES (9, 10, 4, 33251100, 0, 1);
INSERT INTO [dbo].[PAY2_RUN_DETAIL] ([RUN_ID], [EMP_ID], [ITEM_ID], [AMOUNT], [INS_SUBJECT], [TAX_SUBJECT])
VALUES (9, 10, 5, 5000000, 1, 1);
INSERT INTO [dbo].[PAY2_RUN_DETAIL] ([RUN_ID], [EMP_ID], [ITEM_ID], [AMOUNT], [INS_SUBJECT], [TAX_SUBJECT])
VALUES (9, 10, 6, 0, 1, 1);
INSERT INTO [dbo].[PAY2_RUN_DETAIL] ([RUN_ID], [EMP_ID], [ITEM_ID], [AMOUNT], [INS_SUBJECT], [TAX_SUBJECT])
VALUES (9, 10, 7, 22000000, 1, 1);
INSERT INTO [dbo].[PAY2_RUN_DETAIL] ([RUN_ID], [EMP_ID], [ITEM_ID], [AMOUNT], [INS_SUBJECT], [TAX_SUBJECT])
VALUES (9, 10, 12, 38534882, 0, 0);
INSERT INTO [dbo].[PAY2_RUN_DETAIL] ([RUN_ID], [EMP_ID], [ITEM_ID], [AMOUNT], [INS_SUBJECT], [TAX_SUBJECT])
VALUES (9, 10, 13, 96555494, 0, 0);
INSERT INTO [dbo].[PAY2_RUN_DETAIL] ([RUN_ID], [EMP_ID], [ITEM_ID], [AMOUNT], [INS_SUBJECT], [TAX_SUBJECT])
VALUES (9, 10, 17, 4490988, 0, 0);
INSERT INTO [dbo].[PAY2_RUN_DETAIL] ([RUN_ID], [EMP_ID], [ITEM_ID], [AMOUNT], [INS_SUBJECT], [TAX_SUBJECT])
VALUES (9, 10, 18, 891709, 0, 0);
INSERT INTO [dbo].[PAY2_RUN_DETAIL] ([RUN_ID], [EMP_ID], [ITEM_ID], [AMOUNT], [INS_SUBJECT], [TAX_SUBJECT])
VALUES (9, 11, 1, 7044832, 0, 0);
INSERT INTO [dbo].[PAY2_RUN_DETAIL] ([RUN_ID], [EMP_ID], [ITEM_ID], [AMOUNT], [INS_SUBJECT], [TAX_SUBJECT])
VALUES (9, 11, 2, 7044832, 1, 1);
INSERT INTO [dbo].[PAY2_RUN_DETAIL] ([RUN_ID], [EMP_ID], [ITEM_ID], [AMOUNT], [INS_SUBJECT], [TAX_SUBJECT])
VALUES (9, 11, 3, 30000000, 1, 1);
INSERT INTO [dbo].[PAY2_RUN_DETAIL] ([RUN_ID], [EMP_ID], [ITEM_ID], [AMOUNT], [INS_SUBJECT], [TAX_SUBJECT])
VALUES (9, 11, 4, 66502200, 0, 1);
INSERT INTO [dbo].[PAY2_RUN_DETAIL] ([RUN_ID], [EMP_ID], [ITEM_ID], [AMOUNT], [INS_SUBJECT], [TAX_SUBJECT])
VALUES (9, 11, 5, 5000000, 1, 1);
INSERT INTO [dbo].[PAY2_RUN_DETAIL] ([RUN_ID], [EMP_ID], [ITEM_ID], [AMOUNT], [INS_SUBJECT], [TAX_SUBJECT])
VALUES (9, 11, 6, 0, 1, 1);
INSERT INTO [dbo].[PAY2_RUN_DETAIL] ([RUN_ID], [EMP_ID], [ITEM_ID], [AMOUNT], [INS_SUBJECT], [TAX_SUBJECT])
VALUES (9, 11, 7, 22000000, 1, 1);
INSERT INTO [dbo].[PAY2_RUN_DETAIL] ([RUN_ID], [EMP_ID], [ITEM_ID], [AMOUNT], [INS_SUBJECT], [TAX_SUBJECT])
VALUES (9, 11, 10, 225, 1, 1);
INSERT INTO [dbo].[PAY2_RUN_DETAIL] ([RUN_ID], [EMP_ID], [ITEM_ID], [AMOUNT], [INS_SUBJECT], [TAX_SUBJECT])
VALUES (9, 11, 12, 46941786, 0, 0);
INSERT INTO [dbo].[PAY2_RUN_DETAIL] ([RUN_ID], [EMP_ID], [ITEM_ID], [AMOUNT], [INS_SUBJECT], [TAX_SUBJECT])
VALUES (9, 11, 13, 77095390, 0, 0);
INSERT INTO [dbo].[PAY2_RUN_DETAIL] ([RUN_ID], [EMP_ID], [ITEM_ID], [AMOUNT], [INS_SUBJECT], [TAX_SUBJECT])
VALUES (9, 11, 17, 4483153, 0, 0);
INSERT INTO [dbo].[PAY2_RUN_DETAIL] ([RUN_ID], [EMP_ID], [ITEM_ID], [AMOUNT], [INS_SUBJECT], [TAX_SUBJECT])
VALUES (9, 11, 18, 4206410, 0, 0);
INSERT INTO [dbo].[PAY2_RUN_DETAIL] ([RUN_ID], [EMP_ID], [ITEM_ID], [AMOUNT], [INS_SUBJECT], [TAX_SUBJECT])
VALUES (9, 12, 1, 7455349, 0, 0);
INSERT INTO [dbo].[PAY2_RUN_DETAIL] ([RUN_ID], [EMP_ID], [ITEM_ID], [AMOUNT], [INS_SUBJECT], [TAX_SUBJECT])
VALUES (9, 12, 2, 7455349, 1, 1);
INSERT INTO [dbo].[PAY2_RUN_DETAIL] ([RUN_ID], [EMP_ID], [ITEM_ID], [AMOUNT], [INS_SUBJECT], [TAX_SUBJECT])
VALUES (9, 12, 3, 30000000, 1, 1);
INSERT INTO [dbo].[PAY2_RUN_DETAIL] ([RUN_ID], [EMP_ID], [ITEM_ID], [AMOUNT], [INS_SUBJECT], [TAX_SUBJECT])
VALUES (9, 12, 4, 0, 1, 0);
INSERT INTO [dbo].[PAY2_RUN_DETAIL] ([RUN_ID], [EMP_ID], [ITEM_ID], [AMOUNT], [INS_SUBJECT], [TAX_SUBJECT])
VALUES (9, 12, 5, 5000000, 1, 1);
INSERT INTO [dbo].[PAY2_RUN_DETAIL] ([RUN_ID], [EMP_ID], [ITEM_ID], [AMOUNT], [INS_SUBJECT], [TAX_SUBJECT])
VALUES (9, 12, 6, 0, 1, 1);
INSERT INTO [dbo].[PAY2_RUN_DETAIL] ([RUN_ID], [EMP_ID], [ITEM_ID], [AMOUNT], [INS_SUBJECT], [TAX_SUBJECT])
VALUES (9, 12, 7, 22000000, 1, 1);
INSERT INTO [dbo].[PAY2_RUN_DETAIL] ([RUN_ID], [EMP_ID], [ITEM_ID], [AMOUNT], [INS_SUBJECT], [TAX_SUBJECT])
VALUES (9, 12, 10, 225, 1, 1);
INSERT INTO [dbo].[PAY2_RUN_DETAIL] ([RUN_ID], [EMP_ID], [ITEM_ID], [AMOUNT], [INS_SUBJECT], [TAX_SUBJECT])
VALUES (9, 12, 12, 34960037, 0, 0);
INSERT INTO [dbo].[PAY2_RUN_DETAIL] ([RUN_ID], [EMP_ID], [ITEM_ID], [AMOUNT], [INS_SUBJECT], [TAX_SUBJECT])
VALUES (9, 12, 13, 93157247, 0, 0);
INSERT INTO [dbo].[PAY2_RUN_DETAIL] ([RUN_ID], [EMP_ID], [ITEM_ID], [AMOUNT], [INS_SUBJECT], [TAX_SUBJECT])
VALUES (9, 12, 17, 4511890, 0, 0);
INSERT INTO [dbo].[PAY2_RUN_DETAIL] ([RUN_ID], [EMP_ID], [ITEM_ID], [AMOUNT], [INS_SUBJECT], [TAX_SUBJECT])
VALUES (9, 13, 1, 8797882, 0, 0);
INSERT INTO [dbo].[PAY2_RUN_DETAIL] ([RUN_ID], [EMP_ID], [ITEM_ID], [AMOUNT], [INS_SUBJECT], [TAX_SUBJECT])
VALUES (9, 13, 2, 8797882, 1, 1);
INSERT INTO [dbo].[PAY2_RUN_DETAIL] ([RUN_ID], [EMP_ID], [ITEM_ID], [AMOUNT], [INS_SUBJECT], [TAX_SUBJECT])
VALUES (9, 13, 3, 30000000, 1, 1);
INSERT INTO [dbo].[PAY2_RUN_DETAIL] ([RUN_ID], [EMP_ID], [ITEM_ID], [AMOUNT], [INS_SUBJECT], [TAX_SUBJECT])
VALUES (9, 13, 4, 16625550, 0, 1);
INSERT INTO [dbo].[PAY2_RUN_DETAIL] ([RUN_ID], [EMP_ID], [ITEM_ID], [AMOUNT], [INS_SUBJECT], [TAX_SUBJECT])
VALUES (9, 13, 5, 5000000, 1, 1);
INSERT INTO [dbo].[PAY2_RUN_DETAIL] ([RUN_ID], [EMP_ID], [ITEM_ID], [AMOUNT], [INS_SUBJECT], [TAX_SUBJECT])
VALUES (9, 13, 6, 0, 1, 1);
INSERT INTO [dbo].[PAY2_RUN_DETAIL] ([RUN_ID], [EMP_ID], [ITEM_ID], [AMOUNT], [INS_SUBJECT], [TAX_SUBJECT])
VALUES (9, 13, 7, 22000000, 1, 1);
INSERT INTO [dbo].[PAY2_RUN_DETAIL] ([RUN_ID], [EMP_ID], [ITEM_ID], [AMOUNT], [INS_SUBJECT], [TAX_SUBJECT])
VALUES (9, 13, 12, 53776912, 0, 0);
INSERT INTO [dbo].[PAY2_RUN_DETAIL] ([RUN_ID], [EMP_ID], [ITEM_ID], [AMOUNT], [INS_SUBJECT], [TAX_SUBJECT])
VALUES (9, 13, 13, 114365119, 0, 0);
INSERT INTO [dbo].[PAY2_RUN_DETAIL] ([RUN_ID], [EMP_ID], [ITEM_ID], [AMOUNT], [INS_SUBJECT], [TAX_SUBJECT])
VALUES (9, 13, 17, 4605851, 0, 0);
INSERT INTO [dbo].[PAY2_RUN_DETAIL] ([RUN_ID], [EMP_ID], [ITEM_ID], [AMOUNT], [INS_SUBJECT], [TAX_SUBJECT])
VALUES (9, 14, 1, 5726578, 0, 0);
INSERT INTO [dbo].[PAY2_RUN_DETAIL] ([RUN_ID], [EMP_ID], [ITEM_ID], [AMOUNT], [INS_SUBJECT], [TAX_SUBJECT])
VALUES (9, 14, 2, 5726578, 1, 1);
INSERT INTO [dbo].[PAY2_RUN_DETAIL] ([RUN_ID], [EMP_ID], [ITEM_ID], [AMOUNT], [INS_SUBJECT], [TAX_SUBJECT])
VALUES (9, 14, 3, 30000000, 1, 1);
INSERT INTO [dbo].[PAY2_RUN_DETAIL] ([RUN_ID], [EMP_ID], [ITEM_ID], [AMOUNT], [INS_SUBJECT], [TAX_SUBJECT])
VALUES (9, 14, 5, 5000000, 1, 1);
INSERT INTO [dbo].[PAY2_RUN_DETAIL] ([RUN_ID], [EMP_ID], [ITEM_ID], [AMOUNT], [INS_SUBJECT], [TAX_SUBJECT])
VALUES (9, 14, 7, 22000000, 1, 1);
INSERT INTO [dbo].[PAY2_RUN_DETAIL] ([RUN_ID], [EMP_ID], [ITEM_ID], [AMOUNT], [INS_SUBJECT], [TAX_SUBJECT])
VALUES (9, 14, 12, 32336289, 0, 0);
INSERT INTO [dbo].[PAY2_RUN_DETAIL] ([RUN_ID], [EMP_ID], [ITEM_ID], [AMOUNT], [INS_SUBJECT], [TAX_SUBJECT])
VALUES (9, 14, 13, 69038000, 0, 0);
INSERT INTO [dbo].[PAY2_RUN_DETAIL] ([RUN_ID], [EMP_ID], [ITEM_ID], [AMOUNT], [INS_SUBJECT], [TAX_SUBJECT])
VALUES (9, 14, 17, 4390860, 0, 0);
INSERT INTO [dbo].[PAY2_RUN_DETAIL] ([RUN_ID], [EMP_ID], [ITEM_ID], [AMOUNT], [INS_SUBJECT], [TAX_SUBJECT])
VALUES (9, 15, 1, 6739391, 0, 0);
INSERT INTO [dbo].[PAY2_RUN_DETAIL] ([RUN_ID], [EMP_ID], [ITEM_ID], [AMOUNT], [INS_SUBJECT], [TAX_SUBJECT])
VALUES (9, 15, 2, 6739391, 1, 1);
INSERT INTO [dbo].[PAY2_RUN_DETAIL] ([RUN_ID], [EMP_ID], [ITEM_ID], [AMOUNT], [INS_SUBJECT], [TAX_SUBJECT])
VALUES (9, 15, 3, 30000000, 1, 1);
INSERT INTO [dbo].[PAY2_RUN_DETAIL] ([RUN_ID], [EMP_ID], [ITEM_ID], [AMOUNT], [INS_SUBJECT], [TAX_SUBJECT])
VALUES (9, 15, 4, 66502200, 0, 1);
INSERT INTO [dbo].[PAY2_RUN_DETAIL] ([RUN_ID], [EMP_ID], [ITEM_ID], [AMOUNT], [INS_SUBJECT], [TAX_SUBJECT])
VALUES (9, 15, 5, 5000000, 1, 1);
INSERT INTO [dbo].[PAY2_RUN_DETAIL] ([RUN_ID], [EMP_ID], [ITEM_ID], [AMOUNT], [INS_SUBJECT], [TAX_SUBJECT])
VALUES (9, 15, 6, 0, 1, 1);
INSERT INTO [dbo].[PAY2_RUN_DETAIL] ([RUN_ID], [EMP_ID], [ITEM_ID], [AMOUNT], [INS_SUBJECT], [TAX_SUBJECT])
VALUES (9, 15, 7, 22000000, 1, 1);
INSERT INTO [dbo].[PAY2_RUN_DETAIL] ([RUN_ID], [EMP_ID], [ITEM_ID], [AMOUNT], [INS_SUBJECT], [TAX_SUBJECT])
VALUES (9, 15, 12, 30556383, 0, 0);
INSERT INTO [dbo].[PAY2_RUN_DETAIL] ([RUN_ID], [EMP_ID], [ITEM_ID], [AMOUNT], [INS_SUBJECT], [TAX_SUBJECT])
VALUES (9, 15, 13, 45196587, 0, 0);
INSERT INTO [dbo].[PAY2_RUN_DETAIL] ([RUN_ID], [EMP_ID], [ITEM_ID], [AMOUNT], [INS_SUBJECT], [TAX_SUBJECT])
VALUES (9, 15, 17, 4461757, 0, 0);
INSERT INTO [dbo].[PAY2_RUN_DETAIL] ([RUN_ID], [EMP_ID], [ITEM_ID], [AMOUNT], [INS_SUBJECT], [TAX_SUBJECT])
VALUES (9, 15, 18, 4177983, 0, 0);
INSERT INTO [dbo].[PAY2_RUN_DETAIL] ([RUN_ID], [EMP_ID], [ITEM_ID], [AMOUNT], [INS_SUBJECT], [TAX_SUBJECT])
VALUES (10, 2, 1, 5898800, 0, 0);
INSERT INTO [dbo].[PAY2_RUN_DETAIL] ([RUN_ID], [EMP_ID], [ITEM_ID], [AMOUNT], [INS_SUBJECT], [TAX_SUBJECT])
VALUES (10, 2, 2, 5898800, 1, 1);
INSERT INTO [dbo].[PAY2_RUN_DETAIL] ([RUN_ID], [EMP_ID], [ITEM_ID], [AMOUNT], [INS_SUBJECT], [TAX_SUBJECT])
VALUES (10, 2, 3, 30000000, 1, 1);
INSERT INTO [dbo].[PAY2_RUN_DETAIL] ([RUN_ID], [EMP_ID], [ITEM_ID], [AMOUNT], [INS_SUBJECT], [TAX_SUBJECT])
VALUES (10, 2, 7, 22000000, 1, 1);
INSERT INTO [dbo].[PAY2_RUN_DETAIL] ([RUN_ID], [EMP_ID], [ITEM_ID], [AMOUNT], [INS_SUBJECT], [TAX_SUBJECT])
VALUES (10, 2, 12, 10630454, 0, 0);
INSERT INTO [dbo].[PAY2_RUN_DETAIL] ([RUN_ID], [EMP_ID], [ITEM_ID], [AMOUNT], [INS_SUBJECT], [TAX_SUBJECT])
VALUES (10, 2, 13, 7289453, 0, 0);
INSERT INTO [dbo].[PAY2_RUN_DETAIL] ([RUN_ID], [EMP_ID], [ITEM_ID], [AMOUNT], [INS_SUBJECT], [TAX_SUBJECT])
VALUES (10, 2, 17, 4052916, 0, 0);
INSERT INTO [dbo].[PAY2_RUN_DETAIL] ([RUN_ID], [EMP_ID], [ITEM_ID], [AMOUNT], [INS_SUBJECT], [TAX_SUBJECT])
VALUES (10, 3, 1, 6346995, 0, 0);
INSERT INTO [dbo].[PAY2_RUN_DETAIL] ([RUN_ID], [EMP_ID], [ITEM_ID], [AMOUNT], [INS_SUBJECT], [TAX_SUBJECT])
VALUES (10, 3, 2, 6346995, 1, 1);
INSERT INTO [dbo].[PAY2_RUN_DETAIL] ([RUN_ID], [EMP_ID], [ITEM_ID], [AMOUNT], [INS_SUBJECT], [TAX_SUBJECT])
VALUES (10, 3, 3, 30000000, 1, 1);
INSERT INTO [dbo].[PAY2_RUN_DETAIL] ([RUN_ID], [EMP_ID], [ITEM_ID], [AMOUNT], [INS_SUBJECT], [TAX_SUBJECT])
VALUES (10, 3, 4, 0, 1, 0);
INSERT INTO [dbo].[PAY2_RUN_DETAIL] ([RUN_ID], [EMP_ID], [ITEM_ID], [AMOUNT], [INS_SUBJECT], [TAX_SUBJECT])
VALUES (10, 3, 6, 0, 1, 1);
INSERT INTO [dbo].[PAY2_RUN_DETAIL] ([RUN_ID], [EMP_ID], [ITEM_ID], [AMOUNT], [INS_SUBJECT], [TAX_SUBJECT])
VALUES (10, 3, 7, 22000000, 1, 1);
INSERT INTO [dbo].[PAY2_RUN_DETAIL] ([RUN_ID], [EMP_ID], [ITEM_ID], [AMOUNT], [INS_SUBJECT], [TAX_SUBJECT])
VALUES (10, 3, 12, 0, 0, 0);
INSERT INTO [dbo].[PAY2_RUN_DETAIL] ([RUN_ID], [EMP_ID], [ITEM_ID], [AMOUNT], [INS_SUBJECT], [TAX_SUBJECT])
VALUES (10, 3, 13, 0, 0, 0);
INSERT INTO [dbo].[PAY2_RUN_DETAIL] ([RUN_ID], [EMP_ID], [ITEM_ID], [AMOUNT], [INS_SUBJECT], [TAX_SUBJECT])
VALUES (10, 3, 17, 4084289, 0, 0);
INSERT INTO [dbo].[PAY2_RUN_DETAIL] ([RUN_ID], [EMP_ID], [ITEM_ID], [AMOUNT], [INS_SUBJECT], [TAX_SUBJECT])
VALUES (10, 4, 1, 0, 0, 0);
INSERT INTO [dbo].[PAY2_RUN_DETAIL] ([RUN_ID], [EMP_ID], [ITEM_ID], [AMOUNT], [INS_SUBJECT], [TAX_SUBJECT])
VALUES (10, 4, 2, 0, 1, 1);
INSERT INTO [dbo].[PAY2_RUN_DETAIL] ([RUN_ID], [EMP_ID], [ITEM_ID], [AMOUNT], [INS_SUBJECT], [TAX_SUBJECT])
VALUES (10, 4, 3, 30000000, 1, 1);
INSERT INTO [dbo].[PAY2_RUN_DETAIL] ([RUN_ID], [EMP_ID], [ITEM_ID], [AMOUNT], [INS_SUBJECT], [TAX_SUBJECT])
VALUES (10, 4, 4, 0, 1, 0);
INSERT INTO [dbo].[PAY2_RUN_DETAIL] ([RUN_ID], [EMP_ID], [ITEM_ID], [AMOUNT], [INS_SUBJECT], [TAX_SUBJECT])
VALUES (10, 4, 6, 0, 1, 1);
INSERT INTO [dbo].[PAY2_RUN_DETAIL] ([RUN_ID], [EMP_ID], [ITEM_ID], [AMOUNT], [INS_SUBJECT], [TAX_SUBJECT])
VALUES (10, 4, 7, 22000000, 1, 1);
INSERT INTO [dbo].[PAY2_RUN_DETAIL] ([RUN_ID], [EMP_ID], [ITEM_ID], [AMOUNT], [INS_SUBJECT], [TAX_SUBJECT])
VALUES (10, 4, 12, 0, 0, 0);
INSERT INTO [dbo].[PAY2_RUN_DETAIL] ([RUN_ID], [EMP_ID], [ITEM_ID], [AMOUNT], [INS_SUBJECT], [TAX_SUBJECT])
VALUES (10, 4, 13, 0, 0, 0);
INSERT INTO [dbo].[PAY2_RUN_DETAIL] ([RUN_ID], [EMP_ID], [ITEM_ID], [AMOUNT], [INS_SUBJECT], [TAX_SUBJECT])
VALUES (10, 4, 17, 3640000, 0, 0);
INSERT INTO [dbo].[PAY2_RUN_DETAIL] ([RUN_ID], [EMP_ID], [ITEM_ID], [AMOUNT], [INS_SUBJECT], [TAX_SUBJECT])
VALUES (10, 5, 1, 5726578, 0, 0);
INSERT INTO [dbo].[PAY2_RUN_DETAIL] ([RUN_ID], [EMP_ID], [ITEM_ID], [AMOUNT], [INS_SUBJECT], [TAX_SUBJECT])
VALUES (10, 5, 2, 5726578, 1, 1);
INSERT INTO [dbo].[PAY2_RUN_DETAIL] ([RUN_ID], [EMP_ID], [ITEM_ID], [AMOUNT], [INS_SUBJECT], [TAX_SUBJECT])
VALUES (10, 5, 3, 30000000, 1, 1);
INSERT INTO [dbo].[PAY2_RUN_DETAIL] ([RUN_ID], [EMP_ID], [ITEM_ID], [AMOUNT], [INS_SUBJECT], [TAX_SUBJECT])
VALUES (10, 5, 4, 0, 1, 0);
INSERT INTO [dbo].[PAY2_RUN_DETAIL] ([RUN_ID], [EMP_ID], [ITEM_ID], [AMOUNT], [INS_SUBJECT], [TAX_SUBJECT])
VALUES (10, 5, 6, 0, 1, 1);
INSERT INTO [dbo].[PAY2_RUN_DETAIL] ([RUN_ID], [EMP_ID], [ITEM_ID], [AMOUNT], [INS_SUBJECT], [TAX_SUBJECT])
VALUES (10, 5, 7, 22000000, 1, 1);
INSERT INTO [dbo].[PAY2_RUN_DETAIL] ([RUN_ID], [EMP_ID], [ITEM_ID], [AMOUNT], [INS_SUBJECT], [TAX_SUBJECT])
VALUES (10, 5, 12, 14395205, 0, 0);
INSERT INTO [dbo].[PAY2_RUN_DETAIL] ([RUN_ID], [EMP_ID], [ITEM_ID], [AMOUNT], [INS_SUBJECT], [TAX_SUBJECT])
VALUES (10, 5, 13, 67772371, 0, 0);
INSERT INTO [dbo].[PAY2_RUN_DETAIL] ([RUN_ID], [EMP_ID], [ITEM_ID], [AMOUNT], [INS_SUBJECT], [TAX_SUBJECT])
VALUES (10, 5, 17, 4040860, 0, 0);
INSERT INTO [dbo].[PAY2_RUN_DETAIL] ([RUN_ID], [EMP_ID], [ITEM_ID], [AMOUNT], [INS_SUBJECT], [TAX_SUBJECT])
VALUES (10, 6, 1, 8825465, 0, 0);
INSERT INTO [dbo].[PAY2_RUN_DETAIL] ([RUN_ID], [EMP_ID], [ITEM_ID], [AMOUNT], [INS_SUBJECT], [TAX_SUBJECT])
VALUES (10, 6, 2, 8825465, 1, 1);
INSERT INTO [dbo].[PAY2_RUN_DETAIL] ([RUN_ID], [EMP_ID], [ITEM_ID], [AMOUNT], [INS_SUBJECT], [TAX_SUBJECT])
VALUES (10, 6, 3, 30000000, 1, 1);
INSERT INTO [dbo].[PAY2_RUN_DETAIL] ([RUN_ID], [EMP_ID], [ITEM_ID], [AMOUNT], [INS_SUBJECT], [TAX_SUBJECT])
VALUES (10, 6, 4, 0, 1, 0);
INSERT INTO [dbo].[PAY2_RUN_DETAIL] ([RUN_ID], [EMP_ID], [ITEM_ID], [AMOUNT], [INS_SUBJECT], [TAX_SUBJECT])
VALUES (10, 6, 5, 5000000, 1, 1);
INSERT INTO [dbo].[PAY2_RUN_DETAIL] ([RUN_ID], [EMP_ID], [ITEM_ID], [AMOUNT], [INS_SUBJECT], [TAX_SUBJECT])
VALUES (10, 6, 6, 0, 1, 1);
INSERT INTO [dbo].[PAY2_RUN_DETAIL] ([RUN_ID], [EMP_ID], [ITEM_ID], [AMOUNT], [INS_SUBJECT], [TAX_SUBJECT])
VALUES (10, 6, 7, 22000000, 1, 1);
INSERT INTO [dbo].[PAY2_RUN_DETAIL] ([RUN_ID], [EMP_ID], [ITEM_ID], [AMOUNT], [INS_SUBJECT], [TAX_SUBJECT])
VALUES (10, 6, 12, 0, 0, 0);
INSERT INTO [dbo].[PAY2_RUN_DETAIL] ([RUN_ID], [EMP_ID], [ITEM_ID], [AMOUNT], [INS_SUBJECT], [TAX_SUBJECT])
VALUES (10, 6, 13, 0, 0, 0);
INSERT INTO [dbo].[PAY2_RUN_DETAIL] ([RUN_ID], [EMP_ID], [ITEM_ID], [AMOUNT], [INS_SUBJECT], [TAX_SUBJECT])
VALUES (10, 6, 17, 4607782, 0, 0);
INSERT INTO [dbo].[PAY2_RUN_DETAIL] ([RUN_ID], [EMP_ID], [ITEM_ID], [AMOUNT], [INS_SUBJECT], [TAX_SUBJECT])
VALUES (10, 7, 1, 10957983, 0, 0);
INSERT INTO [dbo].[PAY2_RUN_DETAIL] ([RUN_ID], [EMP_ID], [ITEM_ID], [AMOUNT], [INS_SUBJECT], [TAX_SUBJECT])
VALUES (10, 7, 2, 10957983, 1, 1);
INSERT INTO [dbo].[PAY2_RUN_DETAIL] ([RUN_ID], [EMP_ID], [ITEM_ID], [AMOUNT], [INS_SUBJECT], [TAX_SUBJECT])
VALUES (10, 7, 3, 50000000, 1, 1);
INSERT INTO [dbo].[PAY2_RUN_DETAIL] ([RUN_ID], [EMP_ID], [ITEM_ID], [AMOUNT], [INS_SUBJECT], [TAX_SUBJECT])
VALUES (10, 7, 4, 0, 1, 0);
INSERT INTO [dbo].[PAY2_RUN_DETAIL] ([RUN_ID], [EMP_ID], [ITEM_ID], [AMOUNT], [INS_SUBJECT], [TAX_SUBJECT])
VALUES (10, 7, 5, 5000000, 1, 1);
INSERT INTO [dbo].[PAY2_RUN_DETAIL] ([RUN_ID], [EMP_ID], [ITEM_ID], [AMOUNT], [INS_SUBJECT], [TAX_SUBJECT])
VALUES (10, 7, 6, 0, 1, 1);
INSERT INTO [dbo].[PAY2_RUN_DETAIL] ([RUN_ID], [EMP_ID], [ITEM_ID], [AMOUNT], [INS_SUBJECT], [TAX_SUBJECT])
VALUES (10, 7, 7, 22000000, 1, 1);
INSERT INTO [dbo].[PAY2_RUN_DETAIL] ([RUN_ID], [EMP_ID], [ITEM_ID], [AMOUNT], [INS_SUBJECT], [TAX_SUBJECT])
VALUES (10, 7, 12, 0, 0, 0);
INSERT INTO [dbo].[PAY2_RUN_DETAIL] ([RUN_ID], [EMP_ID], [ITEM_ID], [AMOUNT], [INS_SUBJECT], [TAX_SUBJECT])
VALUES (10, 7, 13, 0, 0, 0);
INSERT INTO [dbo].[PAY2_RUN_DETAIL] ([RUN_ID], [EMP_ID], [ITEM_ID], [AMOUNT], [INS_SUBJECT], [TAX_SUBJECT])
VALUES (10, 7, 17, 6157058, 0, 0);
INSERT INTO [dbo].[PAY2_RUN_DETAIL] ([RUN_ID], [EMP_ID], [ITEM_ID], [AMOUNT], [INS_SUBJECT], [TAX_SUBJECT])
VALUES (10, 8, 12, 0, 1, 1);
INSERT INTO [dbo].[PAY2_RUN_DETAIL] ([RUN_ID], [EMP_ID], [ITEM_ID], [AMOUNT], [INS_SUBJECT], [TAX_SUBJECT])
VALUES (10, 8, 13, 0, 1, 1);
INSERT INTO [dbo].[PAY2_RUN_DETAIL] ([RUN_ID], [EMP_ID], [ITEM_ID], [AMOUNT], [INS_SUBJECT], [TAX_SUBJECT])
VALUES (10, 9, 1, 7864353, 0, 0);
INSERT INTO [dbo].[PAY2_RUN_DETAIL] ([RUN_ID], [EMP_ID], [ITEM_ID], [AMOUNT], [INS_SUBJECT], [TAX_SUBJECT])
VALUES (10, 9, 2, 8897687, 1, 1);
INSERT INTO [dbo].[PAY2_RUN_DETAIL] ([RUN_ID], [EMP_ID], [ITEM_ID], [AMOUNT], [INS_SUBJECT], [TAX_SUBJECT])
VALUES (10, 9, 3, 30000000, 1, 1);
INSERT INTO [dbo].[PAY2_RUN_DETAIL] ([RUN_ID], [EMP_ID], [ITEM_ID], [AMOUNT], [INS_SUBJECT], [TAX_SUBJECT])
VALUES (10, 9, 4, 33251100, 0, 1);
INSERT INTO [dbo].[PAY2_RUN_DETAIL] ([RUN_ID], [EMP_ID], [ITEM_ID], [AMOUNT], [INS_SUBJECT], [TAX_SUBJECT])
VALUES (10, 9, 5, 5000000, 1, 1);
INSERT INTO [dbo].[PAY2_RUN_DETAIL] ([RUN_ID], [EMP_ID], [ITEM_ID], [AMOUNT], [INS_SUBJECT], [TAX_SUBJECT])
VALUES (10, 9, 6, 0, 1, 1);
INSERT INTO [dbo].[PAY2_RUN_DETAIL] ([RUN_ID], [EMP_ID], [ITEM_ID], [AMOUNT], [INS_SUBJECT], [TAX_SUBJECT])
VALUES (10, 9, 7, 22000000, 1, 1);
INSERT INTO [dbo].[PAY2_RUN_DETAIL] ([RUN_ID], [EMP_ID], [ITEM_ID], [AMOUNT], [INS_SUBJECT], [TAX_SUBJECT])
VALUES (10, 9, 12, 8794316, 0, 0);
INSERT INTO [dbo].[PAY2_RUN_DETAIL] ([RUN_ID], [EMP_ID], [ITEM_ID], [AMOUNT], [INS_SUBJECT], [TAX_SUBJECT])
VALUES (10, 9, 13, 106902338, 0, 0);
INSERT INTO [dbo].[PAY2_RUN_DETAIL] ([RUN_ID], [EMP_ID], [ITEM_ID], [AMOUNT], [INS_SUBJECT], [TAX_SUBJECT])
VALUES (10, 9, 17, 4612838, 0, 0);
INSERT INTO [dbo].[PAY2_RUN_DETAIL] ([RUN_ID], [EMP_ID], [ITEM_ID], [AMOUNT], [INS_SUBJECT], [TAX_SUBJECT])
VALUES (10, 9, 18, 1053594, 0, 0);
INSERT INTO [dbo].[PAY2_RUN_DETAIL] ([RUN_ID], [EMP_ID], [ITEM_ID], [AMOUNT], [INS_SUBJECT], [TAX_SUBJECT])
VALUES (10, 10, 1, 7156984, 0, 0);
INSERT INTO [dbo].[PAY2_RUN_DETAIL] ([RUN_ID], [EMP_ID], [ITEM_ID], [AMOUNT], [INS_SUBJECT], [TAX_SUBJECT])
VALUES (10, 10, 2, 7156984, 1, 1);
INSERT INTO [dbo].[PAY2_RUN_DETAIL] ([RUN_ID], [EMP_ID], [ITEM_ID], [AMOUNT], [INS_SUBJECT], [TAX_SUBJECT])
VALUES (10, 10, 3, 30000000, 1, 1);
INSERT INTO [dbo].[PAY2_RUN_DETAIL] ([RUN_ID], [EMP_ID], [ITEM_ID], [AMOUNT], [INS_SUBJECT], [TAX_SUBJECT])
VALUES (10, 10, 4, 33251100, 0, 1);
INSERT INTO [dbo].[PAY2_RUN_DETAIL] ([RUN_ID], [EMP_ID], [ITEM_ID], [AMOUNT], [INS_SUBJECT], [TAX_SUBJECT])
VALUES (10, 10, 5, 5000000, 1, 1);
INSERT INTO [dbo].[PAY2_RUN_DETAIL] ([RUN_ID], [EMP_ID], [ITEM_ID], [AMOUNT], [INS_SUBJECT], [TAX_SUBJECT])
VALUES (10, 10, 6, 0, 1, 1);
INSERT INTO [dbo].[PAY2_RUN_DETAIL] ([RUN_ID], [EMP_ID], [ITEM_ID], [AMOUNT], [INS_SUBJECT], [TAX_SUBJECT])
VALUES (10, 10, 7, 22000000, 1, 1);
INSERT INTO [dbo].[PAY2_RUN_DETAIL] ([RUN_ID], [EMP_ID], [ITEM_ID], [AMOUNT], [INS_SUBJECT], [TAX_SUBJECT])
VALUES (10, 10, 12, 38534882, 0, 0);
INSERT INTO [dbo].[PAY2_RUN_DETAIL] ([RUN_ID], [EMP_ID], [ITEM_ID], [AMOUNT], [INS_SUBJECT], [TAX_SUBJECT])
VALUES (10, 10, 13, 96555494, 0, 0);
INSERT INTO [dbo].[PAY2_RUN_DETAIL] ([RUN_ID], [EMP_ID], [ITEM_ID], [AMOUNT], [INS_SUBJECT], [TAX_SUBJECT])
VALUES (10, 10, 17, 4490988, 0, 0);
INSERT INTO [dbo].[PAY2_RUN_DETAIL] ([RUN_ID], [EMP_ID], [ITEM_ID], [AMOUNT], [INS_SUBJECT], [TAX_SUBJECT])
VALUES (10, 10, 18, 891709, 0, 0);
INSERT INTO [dbo].[PAY2_RUN_DETAIL] ([RUN_ID], [EMP_ID], [ITEM_ID], [AMOUNT], [INS_SUBJECT], [TAX_SUBJECT])
VALUES (10, 11, 1, 7044832, 0, 0);
INSERT INTO [dbo].[PAY2_RUN_DETAIL] ([RUN_ID], [EMP_ID], [ITEM_ID], [AMOUNT], [INS_SUBJECT], [TAX_SUBJECT])
VALUES (10, 11, 2, 7044832, 1, 1);
INSERT INTO [dbo].[PAY2_RUN_DETAIL] ([RUN_ID], [EMP_ID], [ITEM_ID], [AMOUNT], [INS_SUBJECT], [TAX_SUBJECT])
VALUES (10, 11, 3, 30000000, 1, 1);
INSERT INTO [dbo].[PAY2_RUN_DETAIL] ([RUN_ID], [EMP_ID], [ITEM_ID], [AMOUNT], [INS_SUBJECT], [TAX_SUBJECT])
VALUES (10, 11, 4, 66502200, 0, 1);
INSERT INTO [dbo].[PAY2_RUN_DETAIL] ([RUN_ID], [EMP_ID], [ITEM_ID], [AMOUNT], [INS_SUBJECT], [TAX_SUBJECT])
VALUES (10, 11, 5, 5000000, 1, 1);
INSERT INTO [dbo].[PAY2_RUN_DETAIL] ([RUN_ID], [EMP_ID], [ITEM_ID], [AMOUNT], [INS_SUBJECT], [TAX_SUBJECT])
VALUES (10, 11, 6, 0, 1, 1);
INSERT INTO [dbo].[PAY2_RUN_DETAIL] ([RUN_ID], [EMP_ID], [ITEM_ID], [AMOUNT], [INS_SUBJECT], [TAX_SUBJECT])
VALUES (10, 11, 7, 22000000, 1, 1);
INSERT INTO [dbo].[PAY2_RUN_DETAIL] ([RUN_ID], [EMP_ID], [ITEM_ID], [AMOUNT], [INS_SUBJECT], [TAX_SUBJECT])
VALUES (10, 11, 10, 225, 1, 1);
INSERT INTO [dbo].[PAY2_RUN_DETAIL] ([RUN_ID], [EMP_ID], [ITEM_ID], [AMOUNT], [INS_SUBJECT], [TAX_SUBJECT])
VALUES (10, 11, 12, 46941786, 0, 0);
INSERT INTO [dbo].[PAY2_RUN_DETAIL] ([RUN_ID], [EMP_ID], [ITEM_ID], [AMOUNT], [INS_SUBJECT], [TAX_SUBJECT])
VALUES (10, 11, 13, 77095390, 0, 0);
INSERT INTO [dbo].[PAY2_RUN_DETAIL] ([RUN_ID], [EMP_ID], [ITEM_ID], [AMOUNT], [INS_SUBJECT], [TAX_SUBJECT])
VALUES (10, 11, 17, 4483153, 0, 0);
INSERT INTO [dbo].[PAY2_RUN_DETAIL] ([RUN_ID], [EMP_ID], [ITEM_ID], [AMOUNT], [INS_SUBJECT], [TAX_SUBJECT])
VALUES (10, 11, 18, 4206410, 0, 0);
INSERT INTO [dbo].[PAY2_RUN_DETAIL] ([RUN_ID], [EMP_ID], [ITEM_ID], [AMOUNT], [INS_SUBJECT], [TAX_SUBJECT])
VALUES (10, 12, 1, 7455349, 0, 0);
INSERT INTO [dbo].[PAY2_RUN_DETAIL] ([RUN_ID], [EMP_ID], [ITEM_ID], [AMOUNT], [INS_SUBJECT], [TAX_SUBJECT])
VALUES (10, 12, 2, 7455349, 1, 1);
INSERT INTO [dbo].[PAY2_RUN_DETAIL] ([RUN_ID], [EMP_ID], [ITEM_ID], [AMOUNT], [INS_SUBJECT], [TAX_SUBJECT])
VALUES (10, 12, 3, 30000000, 1, 1);
INSERT INTO [dbo].[PAY2_RUN_DETAIL] ([RUN_ID], [EMP_ID], [ITEM_ID], [AMOUNT], [INS_SUBJECT], [TAX_SUBJECT])
VALUES (10, 12, 4, 0, 1, 0);
INSERT INTO [dbo].[PAY2_RUN_DETAIL] ([RUN_ID], [EMP_ID], [ITEM_ID], [AMOUNT], [INS_SUBJECT], [TAX_SUBJECT])
VALUES (10, 12, 5, 5000000, 1, 1);
INSERT INTO [dbo].[PAY2_RUN_DETAIL] ([RUN_ID], [EMP_ID], [ITEM_ID], [AMOUNT], [INS_SUBJECT], [TAX_SUBJECT])
VALUES (10, 12, 6, 0, 1, 1);
INSERT INTO [dbo].[PAY2_RUN_DETAIL] ([RUN_ID], [EMP_ID], [ITEM_ID], [AMOUNT], [INS_SUBJECT], [TAX_SUBJECT])
VALUES (10, 12, 7, 22000000, 1, 1);
INSERT INTO [dbo].[PAY2_RUN_DETAIL] ([RUN_ID], [EMP_ID], [ITEM_ID], [AMOUNT], [INS_SUBJECT], [TAX_SUBJECT])
VALUES (10, 12, 10, 225, 1, 1);
INSERT INTO [dbo].[PAY2_RUN_DETAIL] ([RUN_ID], [EMP_ID], [ITEM_ID], [AMOUNT], [INS_SUBJECT], [TAX_SUBJECT])
VALUES (10, 12, 12, 34960037, 0, 0);
INSERT INTO [dbo].[PAY2_RUN_DETAIL] ([RUN_ID], [EMP_ID], [ITEM_ID], [AMOUNT], [INS_SUBJECT], [TAX_SUBJECT])
VALUES (10, 12, 13, 93157247, 0, 0);
INSERT INTO [dbo].[PAY2_RUN_DETAIL] ([RUN_ID], [EMP_ID], [ITEM_ID], [AMOUNT], [INS_SUBJECT], [TAX_SUBJECT])
VALUES (10, 12, 17, 4511890, 0, 0);
INSERT INTO [dbo].[PAY2_RUN_DETAIL] ([RUN_ID], [EMP_ID], [ITEM_ID], [AMOUNT], [INS_SUBJECT], [TAX_SUBJECT])
VALUES (10, 13, 1, 8797882, 0, 0);
INSERT INTO [dbo].[PAY2_RUN_DETAIL] ([RUN_ID], [EMP_ID], [ITEM_ID], [AMOUNT], [INS_SUBJECT], [TAX_SUBJECT])
VALUES (10, 13, 2, 8797882, 1, 1);
INSERT INTO [dbo].[PAY2_RUN_DETAIL] ([RUN_ID], [EMP_ID], [ITEM_ID], [AMOUNT], [INS_SUBJECT], [TAX_SUBJECT])
VALUES (10, 13, 3, 30000000, 1, 1);
INSERT INTO [dbo].[PAY2_RUN_DETAIL] ([RUN_ID], [EMP_ID], [ITEM_ID], [AMOUNT], [INS_SUBJECT], [TAX_SUBJECT])
VALUES (10, 13, 4, 16625550, 0, 1);
INSERT INTO [dbo].[PAY2_RUN_DETAIL] ([RUN_ID], [EMP_ID], [ITEM_ID], [AMOUNT], [INS_SUBJECT], [TAX_SUBJECT])
VALUES (10, 13, 5, 5000000, 1, 1);
INSERT INTO [dbo].[PAY2_RUN_DETAIL] ([RUN_ID], [EMP_ID], [ITEM_ID], [AMOUNT], [INS_SUBJECT], [TAX_SUBJECT])
VALUES (10, 13, 6, 0, 1, 1);
INSERT INTO [dbo].[PAY2_RUN_DETAIL] ([RUN_ID], [EMP_ID], [ITEM_ID], [AMOUNT], [INS_SUBJECT], [TAX_SUBJECT])
VALUES (10, 13, 7, 22000000, 1, 1);
INSERT INTO [dbo].[PAY2_RUN_DETAIL] ([RUN_ID], [EMP_ID], [ITEM_ID], [AMOUNT], [INS_SUBJECT], [TAX_SUBJECT])
VALUES (10, 13, 12, 53776912, 0, 0);
INSERT INTO [dbo].[PAY2_RUN_DETAIL] ([RUN_ID], [EMP_ID], [ITEM_ID], [AMOUNT], [INS_SUBJECT], [TAX_SUBJECT])
VALUES (10, 13, 13, 114365119, 0, 0);
INSERT INTO [dbo].[PAY2_RUN_DETAIL] ([RUN_ID], [EMP_ID], [ITEM_ID], [AMOUNT], [INS_SUBJECT], [TAX_SUBJECT])
VALUES (10, 13, 17, 4605851, 0, 0);
INSERT INTO [dbo].[PAY2_RUN_DETAIL] ([RUN_ID], [EMP_ID], [ITEM_ID], [AMOUNT], [INS_SUBJECT], [TAX_SUBJECT])
VALUES (10, 14, 1, 5726578, 0, 0);
INSERT INTO [dbo].[PAY2_RUN_DETAIL] ([RUN_ID], [EMP_ID], [ITEM_ID], [AMOUNT], [INS_SUBJECT], [TAX_SUBJECT])
VALUES (10, 14, 2, 5726578, 1, 1);
INSERT INTO [dbo].[PAY2_RUN_DETAIL] ([RUN_ID], [EMP_ID], [ITEM_ID], [AMOUNT], [INS_SUBJECT], [TAX_SUBJECT])
VALUES (10, 14, 3, 30000000, 1, 1);
INSERT INTO [dbo].[PAY2_RUN_DETAIL] ([RUN_ID], [EMP_ID], [ITEM_ID], [AMOUNT], [INS_SUBJECT], [TAX_SUBJECT])
VALUES (10, 14, 5, 5000000, 1, 1);
INSERT INTO [dbo].[PAY2_RUN_DETAIL] ([RUN_ID], [EMP_ID], [ITEM_ID], [AMOUNT], [INS_SUBJECT], [TAX_SUBJECT])
VALUES (10, 14, 7, 22000000, 1, 1);
INSERT INTO [dbo].[PAY2_RUN_DETAIL] ([RUN_ID], [EMP_ID], [ITEM_ID], [AMOUNT], [INS_SUBJECT], [TAX_SUBJECT])
VALUES (10, 14, 12, 32336289, 0, 0);
INSERT INTO [dbo].[PAY2_RUN_DETAIL] ([RUN_ID], [EMP_ID], [ITEM_ID], [AMOUNT], [INS_SUBJECT], [TAX_SUBJECT])
VALUES (10, 14, 13, 69038000, 0, 0);
INSERT INTO [dbo].[PAY2_RUN_DETAIL] ([RUN_ID], [EMP_ID], [ITEM_ID], [AMOUNT], [INS_SUBJECT], [TAX_SUBJECT])
VALUES (10, 14, 17, 4390860, 0, 0);
INSERT INTO [dbo].[PAY2_RUN_DETAIL] ([RUN_ID], [EMP_ID], [ITEM_ID], [AMOUNT], [INS_SUBJECT], [TAX_SUBJECT])
VALUES (10, 15, 1, 6739391, 0, 0);
INSERT INTO [dbo].[PAY2_RUN_DETAIL] ([RUN_ID], [EMP_ID], [ITEM_ID], [AMOUNT], [INS_SUBJECT], [TAX_SUBJECT])
VALUES (10, 15, 2, 6739391, 1, 1);
INSERT INTO [dbo].[PAY2_RUN_DETAIL] ([RUN_ID], [EMP_ID], [ITEM_ID], [AMOUNT], [INS_SUBJECT], [TAX_SUBJECT])
VALUES (10, 15, 3, 30000000, 1, 1);
INSERT INTO [dbo].[PAY2_RUN_DETAIL] ([RUN_ID], [EMP_ID], [ITEM_ID], [AMOUNT], [INS_SUBJECT], [TAX_SUBJECT])
VALUES (10, 15, 4, 66502200, 0, 1);
INSERT INTO [dbo].[PAY2_RUN_DETAIL] ([RUN_ID], [EMP_ID], [ITEM_ID], [AMOUNT], [INS_SUBJECT], [TAX_SUBJECT])
VALUES (10, 15, 5, 5000000, 1, 1);
INSERT INTO [dbo].[PAY2_RUN_DETAIL] ([RUN_ID], [EMP_ID], [ITEM_ID], [AMOUNT], [INS_SUBJECT], [TAX_SUBJECT])
VALUES (10, 15, 6, 0, 1, 1);
INSERT INTO [dbo].[PAY2_RUN_DETAIL] ([RUN_ID], [EMP_ID], [ITEM_ID], [AMOUNT], [INS_SUBJECT], [TAX_SUBJECT])
VALUES (10, 15, 7, 22000000, 1, 1);
INSERT INTO [dbo].[PAY2_RUN_DETAIL] ([RUN_ID], [EMP_ID], [ITEM_ID], [AMOUNT], [INS_SUBJECT], [TAX_SUBJECT])
VALUES (10, 15, 12, 30556383, 0, 0);
INSERT INTO [dbo].[PAY2_RUN_DETAIL] ([RUN_ID], [EMP_ID], [ITEM_ID], [AMOUNT], [INS_SUBJECT], [TAX_SUBJECT])
VALUES (10, 15, 13, 45196587, 0, 0);
INSERT INTO [dbo].[PAY2_RUN_DETAIL] ([RUN_ID], [EMP_ID], [ITEM_ID], [AMOUNT], [INS_SUBJECT], [TAX_SUBJECT])
VALUES (10, 15, 17, 4461757, 0, 0);
INSERT INTO [dbo].[PAY2_RUN_DETAIL] ([RUN_ID], [EMP_ID], [ITEM_ID], [AMOUNT], [INS_SUBJECT], [TAX_SUBJECT])
VALUES (10, 15, 18, 4177983, 0, 0);
INSERT INTO [dbo].[PAY2_RUN_DETAIL] ([RUN_ID], [EMP_ID], [ITEM_ID], [AMOUNT], [INS_SUBJECT], [TAX_SUBJECT])
VALUES (37, 1, 1, 264763963, 1, 1);
INSERT INTO [dbo].[PAY2_RUN_DETAIL] ([RUN_ID], [EMP_ID], [ITEM_ID], [AMOUNT], [INS_SUBJECT], [TAX_SUBJECT])
VALUES (37, 1, 2, 264763963, 1, 1);
INSERT INTO [dbo].[PAY2_RUN_DETAIL] ([RUN_ID], [EMP_ID], [ITEM_ID], [AMOUNT], [INS_SUBJECT], [TAX_SUBJECT])
VALUES (37, 1, 3, 30000000, 1, 1);
INSERT INTO [dbo].[PAY2_RUN_DETAIL] ([RUN_ID], [EMP_ID], [ITEM_ID], [AMOUNT], [INS_SUBJECT], [TAX_SUBJECT])
VALUES (37, 1, 5, 5000000, 1, 1);
INSERT INTO [dbo].[PAY2_RUN_DETAIL] ([RUN_ID], [EMP_ID], [ITEM_ID], [AMOUNT], [INS_SUBJECT], [TAX_SUBJECT])
VALUES (37, 1, 7, 22000000, 1, 1);
INSERT INTO [dbo].[PAY2_RUN_DETAIL] ([RUN_ID], [EMP_ID], [ITEM_ID], [AMOUNT], [INS_SUBJECT], [TAX_SUBJECT])
VALUES (37, 1, 17, 22523477, 0, 0);
INSERT INTO [dbo].[PAY2_RUN_DETAIL] ([RUN_ID], [EMP_ID], [ITEM_ID], [AMOUNT], [INS_SUBJECT], [TAX_SUBJECT])
VALUES (37, 2, 1, 176964027, 0, 0);
INSERT INTO [dbo].[PAY2_RUN_DETAIL] ([RUN_ID], [EMP_ID], [ITEM_ID], [AMOUNT], [INS_SUBJECT], [TAX_SUBJECT])
VALUES (37, 2, 2, 176964027, 1, 1);
INSERT INTO [dbo].[PAY2_RUN_DETAIL] ([RUN_ID], [EMP_ID], [ITEM_ID], [AMOUNT], [INS_SUBJECT], [TAX_SUBJECT])
VALUES (37, 2, 3, 30000000, 1, 1);
INSERT INTO [dbo].[PAY2_RUN_DETAIL] ([RUN_ID], [EMP_ID], [ITEM_ID], [AMOUNT], [INS_SUBJECT], [TAX_SUBJECT])
VALUES (37, 2, 7, 22000000, 1, 1);
INSERT INTO [dbo].[PAY2_RUN_DETAIL] ([RUN_ID], [EMP_ID], [ITEM_ID], [AMOUNT], [INS_SUBJECT], [TAX_SUBJECT])
VALUES (37, 2, 12, 10630454, 0, 0);
INSERT INTO [dbo].[PAY2_RUN_DETAIL] ([RUN_ID], [EMP_ID], [ITEM_ID], [AMOUNT], [INS_SUBJECT], [TAX_SUBJECT])
VALUES (37, 2, 13, 7289453, 0, 0);
INSERT INTO [dbo].[PAY2_RUN_DETAIL] ([RUN_ID], [EMP_ID], [ITEM_ID], [AMOUNT], [INS_SUBJECT], [TAX_SUBJECT])
VALUES (37, 2, 17, 3640000, 0, 0);
INSERT INTO [dbo].[PAY2_RUN_DETAIL] ([RUN_ID], [EMP_ID], [ITEM_ID], [AMOUNT], [INS_SUBJECT], [TAX_SUBJECT])
VALUES (37, 3, 1, 190409874, 0, 0);
INSERT INTO [dbo].[PAY2_RUN_DETAIL] ([RUN_ID], [EMP_ID], [ITEM_ID], [AMOUNT], [INS_SUBJECT], [TAX_SUBJECT])
VALUES (37, 3, 2, 190409874, 1, 1);
INSERT INTO [dbo].[PAY2_RUN_DETAIL] ([RUN_ID], [EMP_ID], [ITEM_ID], [AMOUNT], [INS_SUBJECT], [TAX_SUBJECT])
VALUES (37, 3, 3, 30000000, 1, 1);
INSERT INTO [dbo].[PAY2_RUN_DETAIL] ([RUN_ID], [EMP_ID], [ITEM_ID], [AMOUNT], [INS_SUBJECT], [TAX_SUBJECT])
VALUES (37, 3, 7, 22000000, 1, 1);
INSERT INTO [dbo].[PAY2_RUN_DETAIL] ([RUN_ID], [EMP_ID], [ITEM_ID], [AMOUNT], [INS_SUBJECT], [TAX_SUBJECT])
VALUES (37, 3, 17, 3640000, 0, 0);
INSERT INTO [dbo].[PAY2_RUN_DETAIL] ([RUN_ID], [EMP_ID], [ITEM_ID], [AMOUNT], [INS_SUBJECT], [TAX_SUBJECT])
VALUES (37, 4, 17, 16323257, 0, 0);
INSERT INTO [dbo].[PAY2_RUN_DETAIL] ([RUN_ID], [EMP_ID], [ITEM_ID], [AMOUNT], [INS_SUBJECT], [TAX_SUBJECT])
VALUES (37, 5, 1, 171797350, 0, 0);
INSERT INTO [dbo].[PAY2_RUN_DETAIL] ([RUN_ID], [EMP_ID], [ITEM_ID], [AMOUNT], [INS_SUBJECT], [TAX_SUBJECT])
VALUES (37, 5, 2, 171797350, 1, 1);
INSERT INTO [dbo].[PAY2_RUN_DETAIL] ([RUN_ID], [EMP_ID], [ITEM_ID], [AMOUNT], [INS_SUBJECT], [TAX_SUBJECT])
VALUES (37, 5, 3, 30000000, 1, 1);
INSERT INTO [dbo].[PAY2_RUN_DETAIL] ([RUN_ID], [EMP_ID], [ITEM_ID], [AMOUNT], [INS_SUBJECT], [TAX_SUBJECT])
VALUES (37, 5, 7, 22000000, 1, 1);
INSERT INTO [dbo].[PAY2_RUN_DETAIL] ([RUN_ID], [EMP_ID], [ITEM_ID], [AMOUNT], [INS_SUBJECT], [TAX_SUBJECT])
VALUES (37, 5, 12, 14395205, 0, 0);
INSERT INTO [dbo].[PAY2_RUN_DETAIL] ([RUN_ID], [EMP_ID], [ITEM_ID], [AMOUNT], [INS_SUBJECT], [TAX_SUBJECT])
VALUES (37, 5, 13, 67772371, 0, 0);
INSERT INTO [dbo].[PAY2_RUN_DETAIL] ([RUN_ID], [EMP_ID], [ITEM_ID], [AMOUNT], [INS_SUBJECT], [TAX_SUBJECT])
VALUES (37, 5, 17, 3640000, 0, 0);
INSERT INTO [dbo].[PAY2_RUN_DETAIL] ([RUN_ID], [EMP_ID], [ITEM_ID], [AMOUNT], [INS_SUBJECT], [TAX_SUBJECT])
VALUES (37, 6, 1, 264763963, 0, 0);
INSERT INTO [dbo].[PAY2_RUN_DETAIL] ([RUN_ID], [EMP_ID], [ITEM_ID], [AMOUNT], [INS_SUBJECT], [TAX_SUBJECT])
VALUES (37, 6, 2, 264763963, 1, 1);
INSERT INTO [dbo].[PAY2_RUN_DETAIL] ([RUN_ID], [EMP_ID], [ITEM_ID], [AMOUNT], [INS_SUBJECT], [TAX_SUBJECT])
VALUES (37, 6, 3, 30000000, 1, 1);
INSERT INTO [dbo].[PAY2_RUN_DETAIL] ([RUN_ID], [EMP_ID], [ITEM_ID], [AMOUNT], [INS_SUBJECT], [TAX_SUBJECT])
VALUES (37, 6, 5, 5000000, 1, 1);
INSERT INTO [dbo].[PAY2_RUN_DETAIL] ([RUN_ID], [EMP_ID], [ITEM_ID], [AMOUNT], [INS_SUBJECT], [TAX_SUBJECT])
VALUES (37, 6, 7, 22000000, 1, 1);
INSERT INTO [dbo].[PAY2_RUN_DETAIL] ([RUN_ID], [EMP_ID], [ITEM_ID], [AMOUNT], [INS_SUBJECT], [TAX_SUBJECT])
VALUES (37, 6, 17, 3990000, 0, 0);
INSERT INTO [dbo].[PAY2_RUN_DETAIL] ([RUN_ID], [EMP_ID], [ITEM_ID], [AMOUNT], [INS_SUBJECT], [TAX_SUBJECT])
VALUES (37, 7, 1, 328739500, 0, 0);
INSERT INTO [dbo].[PAY2_RUN_DETAIL] ([RUN_ID], [EMP_ID], [ITEM_ID], [AMOUNT], [INS_SUBJECT], [TAX_SUBJECT])
VALUES (37, 7, 2, 328739500, 1, 1);
INSERT INTO [dbo].[PAY2_RUN_DETAIL] ([RUN_ID], [EMP_ID], [ITEM_ID], [AMOUNT], [INS_SUBJECT], [TAX_SUBJECT])
VALUES (37, 7, 3, 50000000, 1, 1);
INSERT INTO [dbo].[PAY2_RUN_DETAIL] ([RUN_ID], [EMP_ID], [ITEM_ID], [AMOUNT], [INS_SUBJECT], [TAX_SUBJECT])
VALUES (37, 7, 5, 5000000, 1, 1);
INSERT INTO [dbo].[PAY2_RUN_DETAIL] ([RUN_ID], [EMP_ID], [ITEM_ID], [AMOUNT], [INS_SUBJECT], [TAX_SUBJECT])
VALUES (37, 7, 7, 22000000, 1, 1);
INSERT INTO [dbo].[PAY2_RUN_DETAIL] ([RUN_ID], [EMP_ID], [ITEM_ID], [AMOUNT], [INS_SUBJECT], [TAX_SUBJECT])
VALUES (37, 7, 17, 5390000, 0, 0);
INSERT INTO [dbo].[PAY2_RUN_DETAIL] ([RUN_ID], [EMP_ID], [ITEM_ID], [AMOUNT], [INS_SUBJECT], [TAX_SUBJECT])
VALUES (37, 8, 1, 211424309, 0, 0);
INSERT INTO [dbo].[PAY2_RUN_DETAIL] ([RUN_ID], [EMP_ID], [ITEM_ID], [AMOUNT], [INS_SUBJECT], [TAX_SUBJECT])
VALUES (37, 8, 2, 211424309, 1, 1);
INSERT INTO [dbo].[PAY2_RUN_DETAIL] ([RUN_ID], [EMP_ID], [ITEM_ID], [AMOUNT], [INS_SUBJECT], [TAX_SUBJECT])
VALUES (37, 8, 3, 30000000, 1, 1);
INSERT INTO [dbo].[PAY2_RUN_DETAIL] ([RUN_ID], [EMP_ID], [ITEM_ID], [AMOUNT], [INS_SUBJECT], [TAX_SUBJECT])
VALUES (37, 8, 4, 16625550, 0, 1);
INSERT INTO [dbo].[PAY2_RUN_DETAIL] ([RUN_ID], [EMP_ID], [ITEM_ID], [AMOUNT], [INS_SUBJECT], [TAX_SUBJECT])
VALUES (37, 8, 5, 5000000, 1, 1);
INSERT INTO [dbo].[PAY2_RUN_DETAIL] ([RUN_ID], [EMP_ID], [ITEM_ID], [AMOUNT], [INS_SUBJECT], [TAX_SUBJECT])
VALUES (37, 8, 7, 22000000, 1, 1);
INSERT INTO [dbo].[PAY2_RUN_DETAIL] ([RUN_ID], [EMP_ID], [ITEM_ID], [AMOUNT], [INS_SUBJECT], [TAX_SUBJECT])
VALUES (37, 8, 12, 29087482, 0, 0);
INSERT INTO [dbo].[PAY2_RUN_DETAIL] ([RUN_ID], [EMP_ID], [ITEM_ID], [AMOUNT], [INS_SUBJECT], [TAX_SUBJECT])
VALUES (37, 8, 13, 16999169, 0, 0);
INSERT INTO [dbo].[PAY2_RUN_DETAIL] ([RUN_ID], [EMP_ID], [ITEM_ID], [AMOUNT], [INS_SUBJECT], [TAX_SUBJECT])
VALUES (37, 8, 17, 3990000, 0, 0);
INSERT INTO [dbo].[PAY2_RUN_DETAIL] ([RUN_ID], [EMP_ID], [ITEM_ID], [AMOUNT], [INS_SUBJECT], [TAX_SUBJECT])
VALUES (37, 9, 1, 235930615, 0, 0);
INSERT INTO [dbo].[PAY2_RUN_DETAIL] ([RUN_ID], [EMP_ID], [ITEM_ID], [AMOUNT], [INS_SUBJECT], [TAX_SUBJECT])
VALUES (37, 9, 2, 266930615, 1, 1);
INSERT INTO [dbo].[PAY2_RUN_DETAIL] ([RUN_ID], [EMP_ID], [ITEM_ID], [AMOUNT], [INS_SUBJECT], [TAX_SUBJECT])
VALUES (37, 9, 3, 30000000, 1, 1);
INSERT INTO [dbo].[PAY2_RUN_DETAIL] ([RUN_ID], [EMP_ID], [ITEM_ID], [AMOUNT], [INS_SUBJECT], [TAX_SUBJECT])
VALUES (37, 9, 4, 33251100, 0, 1);
INSERT INTO [dbo].[PAY2_RUN_DETAIL] ([RUN_ID], [EMP_ID], [ITEM_ID], [AMOUNT], [INS_SUBJECT], [TAX_SUBJECT])
VALUES (37, 9, 5, 5000000, 1, 1);
INSERT INTO [dbo].[PAY2_RUN_DETAIL] ([RUN_ID], [EMP_ID], [ITEM_ID], [AMOUNT], [INS_SUBJECT], [TAX_SUBJECT])
VALUES (37, 9, 7, 22000000, 1, 1);
INSERT INTO [dbo].[PAY2_RUN_DETAIL] ([RUN_ID], [EMP_ID], [ITEM_ID], [AMOUNT], [INS_SUBJECT], [TAX_SUBJECT])
VALUES (37, 9, 10, 60059388, 0, 0);
INSERT INTO [dbo].[PAY2_RUN_DETAIL] ([RUN_ID], [EMP_ID], [ITEM_ID], [AMOUNT], [INS_SUBJECT], [TAX_SUBJECT])
VALUES (37, 9, 12, 8794316, 0, 0);
INSERT INTO [dbo].[PAY2_RUN_DETAIL] ([RUN_ID], [EMP_ID], [ITEM_ID], [AMOUNT], [INS_SUBJECT], [TAX_SUBJECT])
VALUES (37, 9, 13, 106902338, 0, 0);
INSERT INTO [dbo].[PAY2_RUN_DETAIL] ([RUN_ID], [EMP_ID], [ITEM_ID], [AMOUNT], [INS_SUBJECT], [TAX_SUBJECT])
VALUES (37, 9, 17, 3990000, 0, 0);
INSERT INTO [dbo].[PAY2_RUN_DETAIL] ([RUN_ID], [EMP_ID], [ITEM_ID], [AMOUNT], [INS_SUBJECT], [TAX_SUBJECT])
VALUES (37, 10, 1, 214709534, 0, 0);
INSERT INTO [dbo].[PAY2_RUN_DETAIL] ([RUN_ID], [EMP_ID], [ITEM_ID], [AMOUNT], [INS_SUBJECT], [TAX_SUBJECT])
VALUES (37, 10, 2, 214709534, 1, 1);
INSERT INTO [dbo].[PAY2_RUN_DETAIL] ([RUN_ID], [EMP_ID], [ITEM_ID], [AMOUNT], [INS_SUBJECT], [TAX_SUBJECT])
VALUES (37, 10, 3, 30000000, 1, 1);
INSERT INTO [dbo].[PAY2_RUN_DETAIL] ([RUN_ID], [EMP_ID], [ITEM_ID], [AMOUNT], [INS_SUBJECT], [TAX_SUBJECT])
VALUES (37, 10, 4, 33251100, 0, 1);
INSERT INTO [dbo].[PAY2_RUN_DETAIL] ([RUN_ID], [EMP_ID], [ITEM_ID], [AMOUNT], [INS_SUBJECT], [TAX_SUBJECT])
VALUES (37, 10, 5, 5000000, 1, 1);
INSERT INTO [dbo].[PAY2_RUN_DETAIL] ([RUN_ID], [EMP_ID], [ITEM_ID], [AMOUNT], [INS_SUBJECT], [TAX_SUBJECT])
VALUES (37, 10, 7, 22000000, 1, 1);
INSERT INTO [dbo].[PAY2_RUN_DETAIL] ([RUN_ID], [EMP_ID], [ITEM_ID], [AMOUNT], [INS_SUBJECT], [TAX_SUBJECT])
VALUES (37, 10, 10, 48309645, 0, 0);
INSERT INTO [dbo].[PAY2_RUN_DETAIL] ([RUN_ID], [EMP_ID], [ITEM_ID], [AMOUNT], [INS_SUBJECT], [TAX_SUBJECT])
VALUES (37, 10, 12, 38534882, 0, 0);
INSERT INTO [dbo].[PAY2_RUN_DETAIL] ([RUN_ID], [EMP_ID], [ITEM_ID], [AMOUNT], [INS_SUBJECT], [TAX_SUBJECT])
VALUES (37, 10, 13, 96555494, 0, 0);
INSERT INTO [dbo].[PAY2_RUN_DETAIL] ([RUN_ID], [EMP_ID], [ITEM_ID], [AMOUNT], [INS_SUBJECT], [TAX_SUBJECT])
VALUES (37, 10, 17, 3990000, 0, 0);
INSERT INTO [dbo].[PAY2_RUN_DETAIL] ([RUN_ID], [EMP_ID], [ITEM_ID], [AMOUNT], [INS_SUBJECT], [TAX_SUBJECT])
VALUES (37, 11, 1, 211344980, 0, 0);
INSERT INTO [dbo].[PAY2_RUN_DETAIL] ([RUN_ID], [EMP_ID], [ITEM_ID], [AMOUNT], [INS_SUBJECT], [TAX_SUBJECT])
VALUES (37, 11, 2, 211344980, 1, 1);
INSERT INTO [dbo].[PAY2_RUN_DETAIL] ([RUN_ID], [EMP_ID], [ITEM_ID], [AMOUNT], [INS_SUBJECT], [TAX_SUBJECT])
VALUES (37, 11, 3, 30000000, 1, 1);
INSERT INTO [dbo].[PAY2_RUN_DETAIL] ([RUN_ID], [EMP_ID], [ITEM_ID], [AMOUNT], [INS_SUBJECT], [TAX_SUBJECT])
VALUES (37, 11, 4, 66502200, 0, 1);
INSERT INTO [dbo].[PAY2_RUN_DETAIL] ([RUN_ID], [EMP_ID], [ITEM_ID], [AMOUNT], [INS_SUBJECT], [TAX_SUBJECT])
VALUES (37, 11, 5, 5000000, 1, 1);
INSERT INTO [dbo].[PAY2_RUN_DETAIL] ([RUN_ID], [EMP_ID], [ITEM_ID], [AMOUNT], [INS_SUBJECT], [TAX_SUBJECT])
VALUES (37, 11, 7, 22000000, 1, 1);
INSERT INTO [dbo].[PAY2_RUN_DETAIL] ([RUN_ID], [EMP_ID], [ITEM_ID], [AMOUNT], [INS_SUBJECT], [TAX_SUBJECT])
VALUES (37, 11, 10, 47552621, 0, 0);
INSERT INTO [dbo].[PAY2_RUN_DETAIL] ([RUN_ID], [EMP_ID], [ITEM_ID], [AMOUNT], [INS_SUBJECT], [TAX_SUBJECT])
VALUES (37, 11, 12, 46941786, 0, 0);
INSERT INTO [dbo].[PAY2_RUN_DETAIL] ([RUN_ID], [EMP_ID], [ITEM_ID], [AMOUNT], [INS_SUBJECT], [TAX_SUBJECT])
VALUES (37, 11, 13, 77095390, 0, 0);
INSERT INTO [dbo].[PAY2_RUN_DETAIL] ([RUN_ID], [EMP_ID], [ITEM_ID], [AMOUNT], [INS_SUBJECT], [TAX_SUBJECT])
VALUES (37, 11, 17, 3990000, 0, 0);
INSERT INTO [dbo].[PAY2_RUN_DETAIL] ([RUN_ID], [EMP_ID], [ITEM_ID], [AMOUNT], [INS_SUBJECT], [TAX_SUBJECT])
VALUES (37, 12, 1, 223660474, 0, 0);
INSERT INTO [dbo].[PAY2_RUN_DETAIL] ([RUN_ID], [EMP_ID], [ITEM_ID], [AMOUNT], [INS_SUBJECT], [TAX_SUBJECT])
VALUES (37, 12, 2, 223660474, 1, 1);
INSERT INTO [dbo].[PAY2_RUN_DETAIL] ([RUN_ID], [EMP_ID], [ITEM_ID], [AMOUNT], [INS_SUBJECT], [TAX_SUBJECT])
VALUES (37, 12, 3, 30000000, 1, 1);
INSERT INTO [dbo].[PAY2_RUN_DETAIL] ([RUN_ID], [EMP_ID], [ITEM_ID], [AMOUNT], [INS_SUBJECT], [TAX_SUBJECT])
VALUES (37, 12, 5, 5000000, 1, 1);
INSERT INTO [dbo].[PAY2_RUN_DETAIL] ([RUN_ID], [EMP_ID], [ITEM_ID], [AMOUNT], [INS_SUBJECT], [TAX_SUBJECT])
VALUES (37, 12, 7, 22000000, 1, 1);
INSERT INTO [dbo].[PAY2_RUN_DETAIL] ([RUN_ID], [EMP_ID], [ITEM_ID], [AMOUNT], [INS_SUBJECT], [TAX_SUBJECT])
VALUES (37, 12, 10, 50323607, 0, 0);
INSERT INTO [dbo].[PAY2_RUN_DETAIL] ([RUN_ID], [EMP_ID], [ITEM_ID], [AMOUNT], [INS_SUBJECT], [TAX_SUBJECT])
VALUES (37, 12, 12, 34960037, 0, 0);
INSERT INTO [dbo].[PAY2_RUN_DETAIL] ([RUN_ID], [EMP_ID], [ITEM_ID], [AMOUNT], [INS_SUBJECT], [TAX_SUBJECT])
VALUES (37, 12, 13, 93157247, 0, 0);
INSERT INTO [dbo].[PAY2_RUN_DETAIL] ([RUN_ID], [EMP_ID], [ITEM_ID], [AMOUNT], [INS_SUBJECT], [TAX_SUBJECT])
VALUES (37, 12, 17, 3990000, 0, 0);
INSERT INTO [dbo].[PAY2_RUN_DETAIL] ([RUN_ID], [EMP_ID], [ITEM_ID], [AMOUNT], [INS_SUBJECT], [TAX_SUBJECT])
VALUES (37, 13, 1, 263936480, 0, 0);
INSERT INTO [dbo].[PAY2_RUN_DETAIL] ([RUN_ID], [EMP_ID], [ITEM_ID], [AMOUNT], [INS_SUBJECT], [TAX_SUBJECT])
VALUES (37, 13, 2, 263936480, 1, 1);
INSERT INTO [dbo].[PAY2_RUN_DETAIL] ([RUN_ID], [EMP_ID], [ITEM_ID], [AMOUNT], [INS_SUBJECT], [TAX_SUBJECT])
VALUES (37, 13, 3, 30000000, 1, 1);
INSERT INTO [dbo].[PAY2_RUN_DETAIL] ([RUN_ID], [EMP_ID], [ITEM_ID], [AMOUNT], [INS_SUBJECT], [TAX_SUBJECT])
VALUES (37, 13, 4, 16625550, 0, 1);
INSERT INTO [dbo].[PAY2_RUN_DETAIL] ([RUN_ID], [EMP_ID], [ITEM_ID], [AMOUNT], [INS_SUBJECT], [TAX_SUBJECT])
VALUES (37, 13, 5, 5000000, 1, 1);
INSERT INTO [dbo].[PAY2_RUN_DETAIL] ([RUN_ID], [EMP_ID], [ITEM_ID], [AMOUNT], [INS_SUBJECT], [TAX_SUBJECT])
VALUES (37, 13, 7, 22000000, 1, 1);
INSERT INTO [dbo].[PAY2_RUN_DETAIL] ([RUN_ID], [EMP_ID], [ITEM_ID], [AMOUNT], [INS_SUBJECT], [TAX_SUBJECT])
VALUES (37, 13, 12, 53776912, 0, 0);
INSERT INTO [dbo].[PAY2_RUN_DETAIL] ([RUN_ID], [EMP_ID], [ITEM_ID], [AMOUNT], [INS_SUBJECT], [TAX_SUBJECT])
VALUES (37, 13, 13, 114365119, 0, 0);
INSERT INTO [dbo].[PAY2_RUN_DETAIL] ([RUN_ID], [EMP_ID], [ITEM_ID], [AMOUNT], [INS_SUBJECT], [TAX_SUBJECT])
VALUES (37, 13, 17, 3990000, 0, 0);
INSERT INTO [dbo].[PAY2_RUN_DETAIL] ([RUN_ID], [EMP_ID], [ITEM_ID], [AMOUNT], [INS_SUBJECT], [TAX_SUBJECT])
VALUES (37, 14, 1, 171797350, 0, 0);
INSERT INTO [dbo].[PAY2_RUN_DETAIL] ([RUN_ID], [EMP_ID], [ITEM_ID], [AMOUNT], [INS_SUBJECT], [TAX_SUBJECT])
VALUES (37, 14, 2, 171797350, 1, 1);
INSERT INTO [dbo].[PAY2_RUN_DETAIL] ([RUN_ID], [EMP_ID], [ITEM_ID], [AMOUNT], [INS_SUBJECT], [TAX_SUBJECT])
VALUES (37, 14, 3, 30000000, 1, 1);
INSERT INTO [dbo].[PAY2_RUN_DETAIL] ([RUN_ID], [EMP_ID], [ITEM_ID], [AMOUNT], [INS_SUBJECT], [TAX_SUBJECT])
VALUES (37, 14, 5, 5000000, 1, 1);
INSERT INTO [dbo].[PAY2_RUN_DETAIL] ([RUN_ID], [EMP_ID], [ITEM_ID], [AMOUNT], [INS_SUBJECT], [TAX_SUBJECT])
VALUES (37, 14, 7, 22000000, 1, 1);
INSERT INTO [dbo].[PAY2_RUN_DETAIL] ([RUN_ID], [EMP_ID], [ITEM_ID], [AMOUNT], [INS_SUBJECT], [TAX_SUBJECT])
VALUES (37, 14, 12, 32336289, 0, 0);
INSERT INTO [dbo].[PAY2_RUN_DETAIL] ([RUN_ID], [EMP_ID], [ITEM_ID], [AMOUNT], [INS_SUBJECT], [TAX_SUBJECT])
VALUES (37, 14, 13, 69038000, 0, 0);
INSERT INTO [dbo].[PAY2_RUN_DETAIL] ([RUN_ID], [EMP_ID], [ITEM_ID], [AMOUNT], [INS_SUBJECT], [TAX_SUBJECT])
VALUES (37, 14, 17, 3990000, 0, 0);
INSERT INTO [dbo].[PAY2_RUN_DETAIL] ([RUN_ID], [EMP_ID], [ITEM_ID], [AMOUNT], [INS_SUBJECT], [TAX_SUBJECT])
VALUES (37, 15, 1, 202181752, 0, 0);
INSERT INTO [dbo].[PAY2_RUN_DETAIL] ([RUN_ID], [EMP_ID], [ITEM_ID], [AMOUNT], [INS_SUBJECT], [TAX_SUBJECT])
VALUES (37, 15, 2, 202181752, 1, 1);
INSERT INTO [dbo].[PAY2_RUN_DETAIL] ([RUN_ID], [EMP_ID], [ITEM_ID], [AMOUNT], [INS_SUBJECT], [TAX_SUBJECT])
VALUES (37, 15, 3, 30000000, 1, 1);
INSERT INTO [dbo].[PAY2_RUN_DETAIL] ([RUN_ID], [EMP_ID], [ITEM_ID], [AMOUNT], [INS_SUBJECT], [TAX_SUBJECT])
VALUES (37, 15, 4, 66502200, 0, 1);
INSERT INTO [dbo].[PAY2_RUN_DETAIL] ([RUN_ID], [EMP_ID], [ITEM_ID], [AMOUNT], [INS_SUBJECT], [TAX_SUBJECT])
VALUES (37, 15, 5, 5000000, 1, 1);
INSERT INTO [dbo].[PAY2_RUN_DETAIL] ([RUN_ID], [EMP_ID], [ITEM_ID], [AMOUNT], [INS_SUBJECT], [TAX_SUBJECT])
VALUES (37, 15, 7, 22000000, 1, 1);
INSERT INTO [dbo].[PAY2_RUN_DETAIL] ([RUN_ID], [EMP_ID], [ITEM_ID], [AMOUNT], [INS_SUBJECT], [TAX_SUBJECT])
VALUES (37, 15, 12, 30556383, 0, 0);
INSERT INTO [dbo].[PAY2_RUN_DETAIL] ([RUN_ID], [EMP_ID], [ITEM_ID], [AMOUNT], [INS_SUBJECT], [TAX_SUBJECT])
VALUES (37, 15, 13, 45196587, 0, 0);
INSERT INTO [dbo].[PAY2_RUN_DETAIL] ([RUN_ID], [EMP_ID], [ITEM_ID], [AMOUNT], [INS_SUBJECT], [TAX_SUBJECT])
VALUES (37, 15, 17, 3990000, 0, 0);
INSERT INTO [dbo].[PAY2_RUN_DETAIL] ([RUN_ID], [EMP_ID], [ITEM_ID], [AMOUNT], [INS_SUBJECT], [TAX_SUBJECT])
VALUES (37, 16, 1, 800000000, 0, 0);
GO

IF (SELECT COUNT_BIG(*) FROM [dbo].[PAY2_CONFIG]) <> 38
    THROW 51100, 'Seed verification failed for PAY2_CONFIG.', 1;
IF (SELECT COUNT_BIG(*) FROM [dbo].[PAY2_TAX_BRACKET]) <> 9
    THROW 51100, 'Seed verification failed for PAY2_TAX_BRACKET.', 1;
IF (SELECT COUNT_BIG(*) FROM [dbo].[PAY2_PERIOD]) <> 3
    THROW 51100, 'Seed verification failed for PAY2_PERIOD.', 1;
IF (SELECT COUNT_BIG(*) FROM [dbo].[PAY2_RUN]) <> 36
    THROW 51100, 'Seed verification failed for PAY2_RUN.', 1;
IF (SELECT COUNT_BIG(*) FROM [dbo].[PAY2_RUN_LINE]) <> 79
    THROW 51100, 'Seed verification failed for PAY2_RUN_LINE.', 1;
IF (SELECT COUNT_BIG(*) FROM [dbo].[PAY2_RUN_DETAIL]) <> 552
    THROW 51100, 'Seed verification failed for PAY2_RUN_DETAIL.', 1;
IF (SELECT COUNT_BIG(*) FROM [dbo].[PAY2_EMPLOYEE]) <> 16
    THROW 51100, 'Seed verification failed for PAY2_EMPLOYEE.', 1;
IF (SELECT COUNT_BIG(*) FROM [dbo].[PAY2_ITEM_DEF]) <> 21
    THROW 51100, 'Seed verification failed for PAY2_ITEM_DEF.', 1;
IF (SELECT COUNT_BIG(*) FROM [dbo].[PAY2_ATTENDANCE]) <> 32
    THROW 51100, 'Seed verification failed for PAY2_ATTENDANCE.', 1;
IF (SELECT COUNT_BIG(*) FROM [dbo].[PAY2_DECREE]) <> 18
    THROW 51100, 'Seed verification failed for PAY2_DECREE.', 1;
IF (SELECT COUNT_BIG(*) FROM [dbo].[PAY2_DECREE_LINE]) <> 124
    THROW 51100, 'Seed verification failed for PAY2_DECREE_LINE.', 1;

DBCC CHECKCONSTRAINTS WITH ALL_CONSTRAINTS;

SELECT N'PAY2_CONFIG' AS [TABLE_NAME], COUNT_BIG(*) AS [ROW_COUNT] FROM [dbo].[PAY2_CONFIG]
UNION ALL SELECT N'PAY2_TAX_BRACKET', COUNT_BIG(*) FROM [dbo].[PAY2_TAX_BRACKET]
UNION ALL SELECT N'PAY2_PERIOD', COUNT_BIG(*) FROM [dbo].[PAY2_PERIOD]
UNION ALL SELECT N'PAY2_RUN', COUNT_BIG(*) FROM [dbo].[PAY2_RUN]
UNION ALL SELECT N'PAY2_RUN_LINE', COUNT_BIG(*) FROM [dbo].[PAY2_RUN_LINE]
UNION ALL SELECT N'PAY2_RUN_DETAIL', COUNT_BIG(*) FROM [dbo].[PAY2_RUN_DETAIL]
UNION ALL SELECT N'PAY2_EMPLOYEE', COUNT_BIG(*) FROM [dbo].[PAY2_EMPLOYEE]
UNION ALL SELECT N'PAY2_ITEM_DEF', COUNT_BIG(*) FROM [dbo].[PAY2_ITEM_DEF]
UNION ALL SELECT N'PAY2_ATTENDANCE', COUNT_BIG(*) FROM [dbo].[PAY2_ATTENDANCE]
UNION ALL SELECT N'PAY2_DECREE', COUNT_BIG(*) FROM [dbo].[PAY2_DECREE]
UNION ALL SELECT N'PAY2_DECREE_LINE', COUNT_BIG(*) FROM [dbo].[PAY2_DECREE_LINE];

COMMIT TRANSACTION;
PRINT N'PAY2 anonymized E2E seed completed successfully.';
GO
